Date,Open,High,Low,Close,Volume,Dividends,Stock Splits
2020-01-07 00:00:00-05:00,154.88812081055838,155.22837578010706,152.94375583830026,153.19651794433594,21634100,0.0,0.0
2020-01-08 00:00:00-05:00,154.50896815397357,156.3269596404439,153.5562333925352,155.63670349121094,27746500,0.0,0.0
2020-01-09 00:00:00-05:00,157.3379785968912,157.70741261488166,156.5505133137638,157.58102416992188,21385000,0.0,0.0
2020-01-10 00:00:00-05:00,158.29075416372004,158.6796212113017,156.69636069938497,156.85191345214844,20725900,0.0,0.0
2020-01-13 00:00:00-05:00,157.2602241134043,158.76710984271602,156.7741328997119,158.73794555664062,21626500,0.0,0.0
2020-01-14 00:00:00-05:00,158.84489391835697,159.04905876511006,157.2213509660288,157.6199493408203,23477400,0.0,0.0
2020-01-15 00:00:00-05:00,158.09628157703355,159.37956933917528,158.04768432927872,158.6407012939453,21417900,0.0,0.0
2020-01-16 00:00:00-05:00,159.7781972378281,161.61562153989,159.46709172235663,161.5475616455078,23865400,0.0,0.0
2020-01-17 00:00:00-05:00,162.76279662690328,162.81140872004025,160.82814806094504,162.4517059326172,34371700,0.0,0.0
2020-01-21 00:00:00-05:00,162.04337868109548,163.51138381077698,161.8003330460439,161.86839294433594,29517200,0.0,0.0
2020-01-22 00:00:00-05:00,162.74334448938495,162.83085218843266,161.0711894034287,161.09063720703125,24138800,0.0,0.0
2020-01-23 00:00:00-05:00,161.56698940699937,162.16002124226685,160.67258341245795,162.08224487304688,19680800,0.0,0.0
2020-01-24 00:00:00-05:00,162.85025080464825,162.86969860414834,159.8753753570924,160.44895935058594,24918100,0.0,0.0
2020-01-27 00:00:00-05:00,156.66717629220648,158.8351535653117,155.7436060470663,157.7657470703125,32078100,0.0,0.0
2020-01-28 00:00:00-05:00,159.22404082997764,161.1489579316666,158.53379959615867,160.85731506347656,24899900,0.0,0.0
2020-01-29 00:00:00-05:00,163.1710907784729,164.05578032446084,161.08090454806947,163.3655242919922,34754500,0.0,0.0
2020-01-30 00:00:00-05:00,169.20838516694693,169.20838516694693,166.0390603844254,167.9737091064453,51597500,0.0,0.0
2020-01-31 00:00:00-05:00,167.41956100774132,167.60426322869714,164.86271619174707,165.49462890625,36142700,0.0,0.0
2020-02-03 00:00:00-05:00,165.68904238597088,169.64583194786775,165.6598781001758,169.5291748046875,30107000,0.0,0.0
2020-02-04 00:00:00-05:00,172.21239754073753,175.6150360948156,171.4054843320798,175.1094970703125,36433300,0.0,0.0
2020-02-05 00:00:00-05:00,178.9107328390654,179.07600207336984,173.44707228569098,174.89561462402344,39186300,0.0,0.0
2020-02-06 00:00:00-05:00,175.93584196153984,178.70656760686953,175.05115245829978,178.5218505859375,27751400,0.0,0.0
2020-02-07 00:00:00-05:00,177.76354930602298,180.46621506253632,177.4038317478162,178.7746124267578,33529100,0.0,0.0
2020-02-10 00:00:00-05:00,178.47326649067983,183.58694113930508,178.15244448311478,183.45083618164062,35844300,0.0,0.0
2020-02-11 00:00:00-05:00,185.34655486150734,185.3951669447624,178.39545715146107,179.30931091308594,53159900,0.0,0.0
2020-02-12 00:00:00-05:00,180.41763241764525,180.68012584958518,176.79139580027973,179.57183837890625,47062900,0.0,0.0
2020-02-13 00:00:00-05:00,177.9871906305308,181.0495598599999,177.7830257592126,178.59967041015625,35295800,0.0,0.0
2020-02-14 00:00:00-05:00,178.15242650960747,180.25234407399722,177.5691111302793,180.1940155029297,23149500,0.0,0.0
2020-02-18 00:00:00-05:00,180.44678245820853,182.47864018829665,180.33984179692354,182.02171325683594,27792200,0.0,0.0
2020-02-19 00:00:00-05:00,183.32801459013166,183.4449903791356,181.77802588644548,182.56764221191406,29997500,0.51,0.0
2020-02-20 00:00:00-05:00,182.24594072471552,182.53839506694814,176.54314798798535,179.77960205078125,36862400,0.0,0.0
2020-02-21 00:00:00-05:00,178.5610106658972,178.88270887555908,172.78997355963403,174.09625244140625,48572600,0.0,0.0
2020-02-24 00:00:00-05:00,163.54855273614956,170.1579522692512,159.12278050021473,166.5900421142578,68311100,0.0,0.0
2020-02-25 00:00:00-05:00,169.81676509616804,170.44066077881786,163.4315736546893,163.8410186767578,68073300,0.0,0.0
2020-02-26 00:00:00-05:00,165.43976643577483,168.9004294967858,163.97750941004705,165.88818359375,56206100,0.0,0.0
2020-02-27 00:00:00-05:00,159.21052520178733,162.82716530445734,154.00487976483092,154.19984436035156,93174900,0.0,0.0
2020-02-28 00:00:00-05:00,148.57505177958183,159.59072331152694,148.17536466020633,157.93348693847656,97012700,0.0,0.0
2020-03-02 00:00:00-05:00,161.15043247124532,168.5689486383024,158.22591910512313,168.4422149658203,71030800,0.0,0.0
2020-03-03 00:00:00-05:00,169.42682722396927,170.5966297098678,158.177189712045,160.37057495117188,71677000,0.0,0.0
2020-03-04 00:00:00-05:00,164.25041212445976,166.4047951469165,161.45261776463497,166.25857543945312,49814400,0.0,0.0
2020-03-05 00:00:00-05:00,161.87185341901795,166.5705648598896,161.52091114284457,162.08631896972656,47817300,0.0,0.0
2020-03-06 00:00:00-05:00,158.51838722154457,159.005806158346,152.07470828203628,157.5045623779297,72821100,0.0,0.0
2020-03-09 00:00:00-04:00,147.20052128288108,153.78067703559265,146.22568339359046,146.830078125,70419300,0.0,0.0
2020-03-10 00:00:00-04:00,154.1803184460582,156.9780975991995,148.740722850957,156.87086486816406,65354400,0.0,0.0
2020-03-11 00:00:00-04:00,153.17624451491892,153.7318942398135,147.3467046652457,149.76431274414062,56371600,0.0,0.0
2020-03-12 00:00:00-04:00,141.64392095497084,149.60834318854867,135.09301041312096,135.56092834472656,93226400,0.0,0.0
2020-03-13 00:00:00-04:00,143.78859573893303,157.83601398413703,137.1889387390433,154.83351135253906,92727400,0.0,0.0
2020-03-16 00:00:00-04:00,136.47728618455338,145.5920251761021,131.6030973922479,132.0125274658203,87905900,0.0,0.0
2020-03-17 00:00:00-04:00,136.4773113883842,143.78859592704765,131.60312169594192,142.8820037841797,81059800,0.0,0.0
2020-03-18 00:00:00-04:00,134.52761330140436,142.32631552177563,131.62260088927238,136.86721801757812,81593200,0.0,0.0
2020-03-19 00:00:00-04:00,139.17761326112364,146.3719069574611,135.50247015736622,139.11912536621094,85922700,0.0,0.0
2020-03-20 00:00:00-04:00,142.3263232152439,143.39865077844738,132.44146821158992,133.89398193359375,84866200,0.0,0.0
2020-03-23 00:00:00-04:00,133.56249216710296,137.03292646460054,129.18548093031205,132.55841064453125,78975200,0.0,0.0
2020-03-24 00:00:00-04:00,140.13294994347643,145.83575768241894,137.71535608506065,144.60745239257812,82516700,0.0,0.0
2020-03-25 00:00:00-04:00,145.16310772407783,150.446727082843,140.8055813472734,143.22317504882812,75638200,0.0,0.0
2020-03-26 00:00:00-04:00,144.66592451021572,152.71809431044548,144.63668056601324,152.1819305419922,64568100,0.0,0.0
2020-03-27 00:00:00-04:00,147.93166363410546,150.99265429981068,145.44582380729437,145.93324279785156,57042300,0.0,0.0
2020-03-30 00:00:00-04:00,148.60426296768256,156.55894225527604,146.23539959626373,156.1982421875,63420300,0.0,0.0
2020-03-31 00:00:00-04:00,155.38916285487088,160.63379577147094,152.6206266544096,153.74169921875,77927200,0.0,0.0
2020-04-01 00:00:00-04:00,149.1501979048181,153.78067790513109,147.02505843407414,148.2825927734375,57969900,0.0,0.0
2020-04-02 00:00:00-04:00,148.03887456393704,151.5677827749308,146.57661780802098,151.3533172607422,49630700,0.0,0.0
2020-04-03 00:00:00-04:00,151.19735301561917,153.4199820726319,148.36057136724807,149.9593048095703,41243300,0.0,0.0
2020-04-06 00:00:00-04:00,156.28602077746268,162.31051191772607,153.6149595507189,161.11146545410156,67111700,0.0,0.0
2020-04-07 00:00:00-04:00,165.3227533960534,165.7224404989845,159.15202779719797,159.37625122070312,62769000,0.0,0.0
2020-04-08 00:00:00-04:00,161.5013967777557,162.4762346999066,159.38600027166984,160.97499084472656,48318200,0.0,0.0
2020-04-09 00:00:00-04:00,162.17399860564086,163.15857931700404,159.2202415967087,160.9846954345703,51385100,0.0,0.0
2020-04-13 00:00:00-04:00,160.21459741292566,161.4039007117349,158.21617696001871,161.34539794921875,41905300,0.0,0.0
2020-04-14 00:00:00-04:00,164.7475955547642,169.37807531148093,163.77275771124485,169.32933044433594,52874300,0.0,0.0
2020-04-15 00:00:00-04:00,166.89221735100196,169.20259289914634,164.9815437192384,167.55511474609375,40940800,0.0,0.0
2020-04-16 00:00:00-04:00,169.91423526108196,172.81924780417256,168.54945338608587,172.5852813720703,50479600,0.0,0.0
2020-04-17 00:00:00-04:00,174.98339671226933,175.47081564461547,171.44473050348574,174.10604858398438,52765600,0.0,0.0
2020-04-20 00:00:00-04:00,172.18563889225717,174.25229067060923,170.5869051840354,170.65513610839844,36669600,0.0,0.0
2020-04-21 00:00:00-04:00,169.13437749016842,169.30009814998994,161.93032592578277,163.59730529785156,56203700,0.0,0.0
2020-04-22 00:00:00-04:00,167.077475298679,169.62180293773892,166.52182540328593,169.1538848876953,34620200,0.0,0.0
2020-04-23 00:00:00-04:00,169.7290209436957,170.65511393869542,166.6095427566646,167.10670471191406,32790800,0.0,0.0
2020-04-24 00:00:00-04:00,167.73059220926098,170.16768674880004,166.41457008281662,170.15794372558594,34277600,0.0,0.0
2020-04-27 00:00:00-04:00,172.14659836045615,172.44879568940252,168.93938863973779,169.67051696777344,33194400,0.0,0.0
2020-04-28 00:00:00-04:00,171.17176210226341,171.24975090959097,165.12777084539783,165.53720092773438,34392700,0.0,0.0
2020-04-29 00:00:00-04:00,168.86141041829168,173.2091788183072,167.55513129361222,172.96546936035156,51286600,0.0,0.0
2020-04-30 00:00:00-04:00,175.47081421443718,175.86074340719784,171.7956713295448,174.70069885253906,53875900,0.0,0.0
2020-05-01 00:00:00-04:00,171.3765061714743,174.1450422435936,169.631537996727,170.17745971679688,39370500,0.0,0.0
2020-05-04 00:00:00-04:00,170.09946064414876,174.49597396279222,169.42682015224995,174.33999633789062,30372900,0.0,0.0
2020-05-05 00:00:00-04:00,176.0752084760618,179.02896598447478,175.37332403100868,176.21168518066406,36839200,0.0,0.0
2020-05-06 00:00:00-04:00,177.49848232082965,179.565133858858,177.05980825141643,177.9468994140625,32139300,0.0,0.0
2020-05-07 00:00:00-04:00,179.53588972220624,179.906332874798,177.9859010703283,178.98023986816406,28316000,0.0,0.0
2020-05-08 00:00:00-04:00,180.32550487282737,180.34500579516734,178.74627228473375,180.03305053710938,30877800,0.0,0.0
2020-05-11 00:00:00-04:00,178.5415499889165,182.79184369826143,178.24911052771367,182.04122924804688,30892700,0.0,0.0
2020-05-12 00:00:00-04:00,182.0997109670014,182.33366252803262,177.7129406995274,177.9176483154297,32038200,0.0,0.0
2020-05-13 00:00:00-04:00,177.9566454038591,179.41890212061253,172.09786063883328,175.2270965576172,44711500,0.0,0.0
2020-05-14 00:00:00-04:00,173.07270206299302,176.1434501571855,171.25950310137344,175.9874725341797,41873900,0.0,0.0
2020-05-15 00:00:00-04:00,174.55444408905169,182.35314604231993,172.5462807160601,178.55128479003906,46610400,0.0,0.0
2020-05-18 00:00:00-04:00,181.07612337478758,181.51479741472397,179.3311702382071,180.25726318359375,35264500,0.0,0.0
2020-05-19 00:00:00-04:00,180.37422734666453,181.90472975115486,178.87298375947418,179.00946044921875,26799100,0.0,0.0
2020-05-20 00:00:00-04:00,180.66150590759966,181.67816903386148,179.81103986095886,181.492431640625,31261300,0.51,0.0
2020-05-21 00:00:00-04:00,181.23831102301253,182.47980744647705,179.17567370118414,179.31253051757812,29119500,0.0,0.0
2020-05-22 00:00:00-04:00,179.0778769355892,180.3193730095039,178.4424587470213,179.39068603515625,20826900,0.0,0.0
2020-05-26 00:00:00-04:00,182.1572099638006,182.31362201299365,177.0348421410573,177.49429321289062,36073600,0.0,0.0
2020-05-27 00:00:00-04:00,176.15502114579178,177.90484910595777,172.63583982438692,177.7288818359375,39517100,0.0,0.0
2020-05-28 00:00:00-04:00,176.6829056855485,180.01634953384718,176.33098606646953,177.3280792236328,33810200,0.0,0.0
2020-05-29 00:00:00-04:00,178.62821926990344,180.1336589375648,176.36030452652477,179.1365509033203,42130400,0.0,0.0
2020-06-01 00:00:00-04:00,178.44246876242855,178.89214958136603,177.3867249403979,178.72596740722656,22622400,0.0,0.0
2020-06-02 00:00:00-04:00,180.1141193761944,180.8472840412264,177.27922197124664,180.75930786132812,30794600,0.0,0.0
2020-06-03 00:00:00-04:00,180.67133149608966,181.76618595487352,179.4591605479552,181.19920349121094,27311000,0.0,0.0
2020-06-04 00:00:00-04:00,180.1629617969524,181.66838636007188,178.20785643814938,178.81393432617188,28761800,0.0,0.0
2020-06-05 00:00:00-04:00,178.52068546693064,183.51598081293594,177.92437766928052,182.9978790283203,39893600,0.0,0.0
2020-06-08 00:00:00-04:00,181.76619020628922,184.3176038943104,180.29986084343278,184.13186645507812,33211600,0.0,0.0
2020-06-09 00:00:00-04:00,183.77992227986564,186.41931179743918,183.0565278542254,185.53952026367188,29783900,0.0,0.0
2020-06-10 00:00:00-04:00,186.83969009672344,194.06380541353863,186.7223736059422,192.4215087890625,43872300,0.0,0.0
2020-06-11 00:00:00-04:00,188.7947888593401,191.3657427412656,181.89326804577755,182.08877563476562,52854700,0.0,0.0
2020-06-12 00:00:00-04:00,186.26290806215417,187.4164281480892,181.0232243417934,183.52577209472656,43373600,0.0,0.0
2020-06-15 00:00:00-04:00,180.43670627112968,186.5366414056565,179.8794939885846,184.69883728027344,32770200,0.0,0.0
2020-06-16 00:00:00-04:00,188.56015564334777,191.18977501520502,187.16226232400845,189.2248992919922,42556700,0.0,0.0
2020-06-17 00:00:00-04:00,190.65212772822218,191.9131792352535,189.3422105125841,189.87986755371094,25687800,0.0,0.0
2020-06-18 00:00:00-04:00,189.64527793659397,192.07939022429883,189.64527793659397,191.9132080078125,23061600,0.0,0.0
2020-06-19 00:00:00-04:00,194.13222401101967,194.81650804782467,190.00694963964386,190.76943969726562,44441100,0.0,0.0
2020-06-22 00:00:00-04:00,191.39506326042334,196.253502050248,190.84763605868633,196.06777954101562,32818900,0.0,0.0
2020-06-23 00:00:00-04:00,197.55365315999623,199.37190206945934,196.90846469489932,197.37770080566406,30917400,0.0,0.0
2020-06-24 00:00:00-04:00,197.07468712768957,198.68764358139765,192.14781174554622,193.39907836914062,36740600,0.0,0.0
2020-06-25 00:00:00-04:00,193.35994845558915,196.10686946017498,191.0822486224083,195.84292602539062,27803900,0.0,0.0
2020-06-26 00:00:00-04:00,195.24660114744262,195.4030131629949,190.50547939164562,191.9229278564453,54675800,0.0,0.0
2020-06-29 00:00:00-04:00,191.3853014649754,194.07357188233297,189.2053627212747,193.985595703125,26701600,0.0,0.0
2020-06-30 00:00:00-04:00,193.43816013244182,199.8117938890982,193.30130333193136,198.9417724609375,34310300,0.0,0.0
2020-07-01 00:00:00-04:00,198.58007676921247,201.71802784524223,197.2408341958052,200.1050567626953,32061200,0.0,0.0
2020-07-02 00:00:00-04:00,201.0630834175197,203.3505686548554,200.39835457192203,201.63006591796875,29315800,0.0,0.0
2020-07-06 00:00:00-04:00,204.14233338582122,206.39070759289612,203.41893901351713,205.97035217285156,31897600,0.0,0.0
2020-07-07 00:00:00-04:00,205.72596083733276,209.8512343866471,203.32118957058836,203.57534790039062,33600700,0.0,0.0
2020-07-08 00:00:00-04:00,205.35454120107735,208.4729223668029,204.00551344992473,208.05258178710938,33600000,0.0,0.0
2020-07-09 00:00:00-04:00,211.47400052806964,211.522881151674,206.7230932894031,209.50912475585938,33121700,0.0,0.0
2020-07-10 00:00:00-04:00,208.82482238013938,209.2745032270296,206.34184485487327,208.8737030029297,26177600,0.0,0.0
2020-07-13 00:00:00-04:00,209.66553025317157,210.95590716982338,201.8646627179169,202.421875,38135600,0.0,0.0
2020-07-14 00:00:00-04:00,201.50297296754954,204.1619179026095,197.4950003314785,203.6731414794922,37591800,0.0,0.0
2020-07-15 00:00:00-04:00,204.85595579592245,206.5862283728558,200.42764294758052,203.3700714111328,32179400,0.0,0.0
2020-07-16 00:00:00-04:00,200.78936448197777,201.08263334222644,197.76872952884636,199.34259033203125,29940700,0.0,0.0
2020-07-17 00:00:00-04:00,199.8802178134981,200.4374151407827,196.86935346576095,198.32591247558594,31635300,0.0,0.0
2020-07-20 00:00:00-04:00,200.3983492096366,207.53448853060036,198.45301352306006,206.85020446777344,36884800,0.0,0.0
2020-07-21 00:00:00-04:00,208.8639357994506,209.137649391422,203.36030873664305,204.06414794921875,37990400,0.0,0.0
2020-07-22 00:00:00-04:00,204.50403314840528,207.53445265223763,203.7122178042886,206.99679565429688,49605700,0.0,0.0
2020-07-23 00:00:00-04:00,202.5391751852761,206.18544309974274,197.61230052150506,197.99354553222656,67457000,0.0,0.0
2020-07-24 00:00:00-04:00,195.92113606695077,198.30636735471614,193.07645375656148,196.78138732910156,39827000,0.0,0.0
2020-07-27 00:00:00-04:00,196.94755902362397,199.39144096423948,196.35125123346293,199.27413940429688,30160900,0.0,0.0
2020-07-28 00:00:00-04:00,199.03953493243776,200.10506395125543,197.21151588948706,197.4852294921875,23251400,0.0,0.0
2020-07-29 00:00:00-04:00,197.95445110083722,200.05618375095432,197.47544483695728,199.47943115234375,19632600,0.0,0.0
2020-07-30 00:00:00-04:00,196.48811610449616,199.87045541253931,195.09022273679722,199.32301330566406,25079600,0.0,0.0
2020-07-31 00:00:00-04:00,199.81177328902552,200.49607213730098,194.54276463818454,200.4080810546875,51044000,0.0,0.0
2020-08-03 00:00:00-04:00,206.77198613011697,212.7546048892271,205.71622724622586,211.67929077148438,78983000,0.0,0.0
2020-08-04 00:00:00-04:00,209.36247901064985,209.94901665050386,205.58912464881092,208.50222778320312,49280100,0.0,0.0
2020-08-05 00:00:00-04:00,210.07607494677757,210.17383618593053,206.8208374940301,208.1600799560547,28806400,0.0,0.0
2020-08-06 00:00:00-04:00,207.57356439530028,211.51310110790448,206.80130422256295,211.49356079101562,32656800,0.0,0.0
2020-08-07 00:00:00-04:00,210.0272444531,210.85815546011327,206.1952239967006,207.71043395996094,27820400,0.0,0.0
2020-08-10 00:00:00-04:00,206.91857631365227,207.12386894192085,201.718003754002,203.57534790039062,36716500,0.0,0.0
2020-08-11 00:00:00-04:00,202.50983018880768,202.98882148733702,198.58006397823078,198.81468200683594,36446500,0.0,0.0
2020-08-12 00:00:00-04:00,200.68182795918028,205.55982229229303,200.15395595717882,204.49429321289062,28013100,0.0,0.0
2020-08-13 00:00:00-04:00,204.73866851690957,206.60579801502013,203.47761700438093,204.01527404785156,22588900,0.0,0.0
2020-08-14 00:00:00-04:00,204.0739281094161,204.88529876690953,202.85198704384274,204.21078491210938,17958900,0.0,0.0
2020-08-17 00:00:00-04:00,204.89510087678767,206.4494064615162,204.23035712538726,205.55982971191406,20184800,0.0,0.0
2020-08-18 00:00:00-04:00,205.80418802058384,207.59311141915,204.51382609214363,206.74264526367188,21336200,0.0,0.0
2020-08-19 00:00:00-04:00,207.24239995766567,207.8401491996221,205.0473831612966,205.48834228515625,27627600,0.51,0.0
2020-08-20 00:00:00-04:00,205.33158562489797,210.68193339621828,204.71424873183372,210.27037048339844,26981500,0.0,0.0
2020-08-21 00:00:00-04:00,209.56479438776182,211.90679256062776,208.57508480881404,208.74166870117188,36249300,0.0,0.0
2020-08-24 00:00:00-04:00,210.47610702122708,211.19145631722702,208.16350514701963,209.39820861816406,25460100,0.0,0.0
2020-08-25 00:00:00-04:00,208.82006401042946,212.25956310287762,208.82006401042946,212.12237548828125,23043700,0.0,0.0
2020-08-26 00:00:00-04:00,213.504090177113,217.62952791865024,212.99452970074117,216.70840454101562,39600800,0.0,0.0
2020-08-27 00:00:00-04:00,218.41343563901864,226.50753489666909,214.9935240582014,222.02932739257812,57602200,0.0,0.0
2020-08-28 00:00:00-04:00,223.5971964243586,226.00779604773297,222.0293400010576,224.3125457763672,26292900,0.0,0.0
2020-08-31 00:00:00-04:00,222.44090478604883,224.10675879177796,219.80492867616738,221.00042724609375,28774200,0.0,0.0
2020-09-01 00:00:00-04:00,220.9808285639815,222.88186779665773,219.92251760087316,222.7054901123047,25725500,0.0,0.0
2020-09-02 00:00:00-04:00,223.39141445716453,228.18320229985824,222.78387142324155,226.99749755859375,34080800,0.0,0.0
2020-09-03 00:00:00-04:00,224.66532460541876,224.70451466274693,210.6427303423524,212.93572998046875,58400300,0.0,0.0
2020-09-04 00:00:00-04:00,210.77994081931558,213.97446164555626,201.0689695215585,209.94700622558594,59664100,0.0,0.0
2020-09-08 00:00:00-04:00,202.35260997117348,205.81171150233948,198.13896909753083,198.58973693847656,52924300,0.0,0.0
2020-09-09 00:00:00-04:00,203.43054024221868,210.52512155929676,202.5486069893414,207.04641723632812,45679000,0.0,0.0
2020-09-10 00:00:00-04:00,209.11402286254207,210.42712138024902,200.01061178479114,201.24530029296875,35461500,0.0,0.0
2020-09-11 00:00:00-04:00,203.03855176594934,204.43983914203702,197.19826194259198,199.93222045898438,33620100,0.0,0.0
2020-09-14 00:00:00-04:00,200.13803081935345,204.99840535911704,199.93224189925067,201.28453063964844,30375800,0.0,0.0
2020-09-15 00:00:00-04:00,204.23403698605244,205.56672299217382,202.77395714883062,204.58680725097656,21823900,0.0,0.0
2020-09-16 00:00:00-04:00,206.38987092961042,206.4192672088368,200.52997835065702,200.93174743652344,26328100,0.0,0.0
2020-09-17 00:00:00-04:00,196.03218712316067,200.2262261573563,195.943998276969,198.83474731445312,34011300,0.0,0.0
2020-09-18 00:00:00-04:00,198.72694202894215,199.55986154956955,192.30849007051754,196.36534118652344,55225300,0.0,0.0
2020-09-21 00:00:00-04:00,193.22959694808705,198.6387362934567,192.43586755086514,198.47213745117188,39839700,0.0,0.0
2020-09-22 00:00:00-04:00,200.94154831168922,203.9205009654013,198.0214031708369,203.254150390625,33517100,0.0,0.0
2020-09-23 00:00:00-04:00,203.7245078472175,203.92050298736729,196.01257456641457,196.5613250732422,30803800,0.0,0.0
2020-09-24 00:00:00-04:00,195.83618505073048,201.4413048072333,195.19923078838804,199.10910034179688,31202500,0.0,0.0
2020-09-25 00:00:00-04:00,199.46188826290833,204.84161708764788,198.47216361542544,203.64613342285156,29437300,0.0,0.0
2020-09-28 00:00:00-04:00,206.64467814728923,208.30073847774395,203.88130802023514,205.2335968017578,32004900,0.0,0.0
2020-09-29 00:00:00-04:00,205.14543277610642,205.85097353423487,202.65643761483875,203.09739685058594,24221900,0.0,0.0
2020-09-30 00:00:00-04:00,203.55792557155533,207.72256814351115,202.39182325903488,206.105712890625,33829100,0.0,0.0
2020-10-01 00:00:00-04:00,209.20225961066038,209.6922175811223,207.0758438131354,208.1929473876953,27158400,0.0,0.0
2020-10-02 00:00:00-04:00,203.82251939410642,206.75247349323584,201.41191955686207,202.0488739013672,33154800,0.0,0.0
2020-10-05 00:00:00-04:00,203.05818610386783,206.18412040366044,202.82300089100337,206.15472412109375,21331600,0.0,0.0
2020-10-06 00:00:00-04:00,204.62606474212436,205.95873613775885,200.7064007719107,201.77450561523438,28554300,0.0,0.0
2020-10-07 00:00:00-04:00,202.90138196948834,205.89012842708306,202.56821415515446,205.61575317382812,25681100,0.0,0.0
2020-10-08 00:00:00-04:00,206.28210671237773,206.94845735122942,204.1361032850264,206.3507080078125,19925800,0.0,0.0
2020-10-09 00:00:00-04:00,206.98763037789553,211.5246457578873,206.98763037789553,211.47564697265625,26458000,0.0,0.0
2020-10-12 00:00:00-04:00,214.39581826192494,219.36399963321952,212.45558873960994,216.95339965820312,40461400,0.0,0.0
2020-10-13 00:00:00-04:00,218.24687608924793,220.6868721261984,216.00286024690055,218.38406372070312,28950800,0.0,0.0
2020-10-14 00:00:00-04:00,218.52125967431473,219.71675834495264,214.72898968354676,216.4242401123047,23421700,0.0,0.0
2020-10-15 00:00:00-04:00,212.73973932237865,215.93425964517397,211.67161967052826,215.24832153320312,22733100,0.0,0.0
2020-10-16 00:00:00-04:00,215.728470735418,217.82549007905996,214.91515372915006,215.24832153320312,26057900,0.0,0.0
2020-10-19 00:00:00-04:00,215.99306292728917,217.83530962146477,209.42762932563784,209.91758728027344,27625800,0.0,0.0
2020-10-20 00:00:00-04:00,211.46585574602642,213.00431594498633,208.8102770587177,210.3389434814453,22753500,0.0,0.0
2020-10-21 00:00:00-04:00,208.83968010279486,212.56336366088794,208.83968010279486,210.48594665527344,22724900,0.0,0.0
2020-10-22 00:00:00-04:00,209.6333861634208,211.7206116643599,207.44817805095914,210.57411193847656,22351500,0.0,0.0
2020-10-23 00:00:00-04:00,210.7112957889132,211.93619055351056,208.8788580058207,211.88719177246094,18879600,0.0,0.0
2020-10-26 00:00:00-04:00,209.5550201433223,211.9950011525749,203.92050374662486,205.86073303222656,37111600,0.0,0.0
2020-10-27 00:00:00-04:00,207.3403923650319,210.35853499553744,206.1057037694144,208.96705627441406,36700300,0.0,0.0
2020-10-28 00:00:00-04:00,203.49914576803303,204.6456456477934,198.0410216420457,198.60935974121094,51195600,0.0,0.0
2020-10-29 00:00:00-04:00,199.97142861768407,203.19534508731653,199.28547558163865,200.60836791992188,31432600,0.0,0.0
2020-10-30 00:00:00-04:00,199.41287658807238,200.1870035348685,195.61079828410476,198.403564453125,36953700,0.0,0.0
2020-11-02 00:00:00-05:00,200.1870147504735,201.15713688457873,196.10076719851,198.26638793945312,30842200,0.0,0.0
2020-11-03 00:00:00-05:00,199.79504735366768,203.9400873223734,199.04050794251756,202.28402709960938,27512000,0.0,0.0
2020-11-04 00:00:00-05:00,209.7216103908639,213.93525185753833,208.15373893041237,212.04400634765625,42311800,0.0,0.0
2020-11-05 00:00:00-05:00,217.58052501782143,219.61875193244623,216.7084004442285,218.805419921875,36080100,0.0,0.0
2020-11-06 00:00:00-05:00,217.79610755593478,219.853936974154,213.6510673903376,219.22679138183594,25231900,0.0,0.0
2020-11-09 00:00:00-05:00,219.93232406265508,223.53840734956563,213.5040782365416,214.0038299560547,44395000,0.0,0.0
2020-11-10 00:00:00-05:00,210.19197633972874,212.1518082869523,205.5079791820509,206.77206420898438,44045100,0.0,0.0
2020-11-11 00:00:00-05:00,208.12430675541708,213.66082479420126,207.93812036946127,212.2007598876953,29440800,0.0,0.0
2020-11-12 00:00:00-05:00,212.84755359130892,214.70938794610385,210.1527846843351,211.11309814453125,21593900,0.0,0.0
2020-11-13 00:00:00-05:00,212.01459392080292,213.05330232951212,209.85878204109886,212.1615753173828,18621100,0.0,0.0
2020-11-16 00:00:00-05:00,210.55453943908614,213.36690843723113,210.21157782139213,212.8671417236328,24953300,0.0,0.0
2020-11-17 00:00:00-05:00,211.75984785332227,213.30810193339383,209.78041340020852,210.1527862548828,24154100,0.0,0.0
2020-11-18 00:00:00-05:00,209.9071409836144,211.40051687984655,207.23479042887317,207.38217163085938,28372800,0.56,0.0
2020-11-19 00:00:00-05:00,207.67691069381513,209.29799891015563,206.252300755938,208.6986846923828,24792700,0.0,0.0
2020-11-20 00:00:00-05:00,208.48254302556785,209.55344411736863,206.32108701701807,206.70425415039062,22843100,0.0,0.0
2020-11-23 00:00:00-05:00,207.25441884422116,208.57094013495646,204.51330272446788,206.42913818359375,25683500,0.0,0.0
2020-11-24 00:00:00-05:00,205.91826474853488,210.49663148640337,205.20105755298556,210.11346435546875,33979700,0.0,0.0
2020-11-25 00:00:00-05:00,211.34158868882804,211.51842815674692,208.73801880128394,210.12330627441406,21012900,0.0,0.0
2020-11-27 00:00:00-05:00,211.0861094456945,212.4812310672329,210.2902870143928,211.45944213867188,14512200,0.0,0.0
2020-11-30 00:00:00-05:00,210.34926694290183,210.99769325243741,207.14636808780153,210.31979370117188,33064800,0.0,0.0
2020-12-01 00:00:00-05:00,210.75207193458948,213.51285715948168,209.61240494619625,212.42230224609375,30904500,0.0,0.0
2020-12-02 00:00:00-05:00,211.11560908699235,211.6952695179422,209.07204596577662,211.59701538085938,23724500,0.0,0.0
2020-12-03 00:00:00-05:00,210.8503297198507,212.58932596137035,209.90714099809267,210.48681640625,25120900,0.0,0.0
2020-12-04 00:00:00-05:00,210.46717426805384,211.60685633094965,209.4453851801207,210.60472106933594,24666000,0.0,0.0
2020-12-07 00:00:00-05:00,210.61450423093436,211.76400551337272,209.25869027782656,210.53590393066406,24620000,0.0,0.0
2020-12-08 00:00:00-05:00,210.22152900742165,213.14931914017336,209.16044738401712,212.2257843017578,23284100,0.0,0.0
2020-12-09 00:00:00-05:00,211.39069178301924,211.45945768225084,207.50989343194178,208.0895538330078,32440600,0.0,0.0
2020-12-10 00:00:00-05:00,208.0600872055111,209.3471354218834,206.6747848539981,206.8319854736328,26733300,0.0,0.0
2020-12-11 00:00:00-05:00,206.37021475531913,209.58293303265376,205.44667986893432,209.5239715576172,30979400,0.0,0.0
2020-12-14 00:00:00-05:00,209.36681959737285,212.42233774887822,209.1506724619111,210.44754028320312,28798400,0.0,0.0
2020-12-15 00:00:00-05:00,211.40051242141874,211.6461327614062,208.52184923267427,210.3787384033203,27000600,0.0,0.0
2020-12-16 00:00:00-05:00,210.98786780828314,216.2539683914225,210.95839456739515,215.43850708007812,35023300,0.0,0.0
2020-12-17 00:00:00-05:00,216.0181786912323,217.02031390789452,214.10234297664,215.57606506347656,32515800,0.0,0.0
2020-12-18 00:00:00-05:00,214.76058959960938,215.84132505554035,212.2356203856256,214.76058959960938,63354900,0.0,0.0
2020-12-21 00:00:00-05:00,213.738806893341,220.07580819347424,213.47353274835203,218.6905059814453,37181900,0.0,0.0
2020-12-22 00:00:00-05:00,218.78874418427793,221.677241355242,217.96346356156636,220.016845703125,22612200,0.0,0.0
2020-12-23 00:00:00-05:00,219.2014078732451,219.6435214688863,216.93187842300844,217.1480255126953,18699600,0.0,0.0
2020-12-24 00:00:00-05:00,217.5410001434618,219.69263651488217,217.32485306559929,218.8477020263672,10550600,0.0,0.0
2020-12-28 00:00:00-05:00,220.5179373650466,222.07025970656804,219.11299622181673,221.01901245117188,17933500,0.0,0.0
2020-12-29 00:00:00-05:00,222.3453690437989,223.2001230868556,219.6631989493447,220.22320556640625,17403200,0.0,0.0
2020-12-30 00:00:00-05:00,221.28429037934873,221.67729194996105,217.59016556445533,217.79647827148438,20272300,0.0,0.0
2020-12-31 00:00:00-05:00,217.81612597819475,219.0933548117153,215.8315093289236,218.5235137939453,20942100,0.0,0.0
2021-01-04 00:00:00-05:00,218.6315951543016,219.0933626336099,211.04683718578403,213.8763885498047,37130100,0.0,0.0
2021-01-05 00:00:00-05:00,213.45389989241346,214.69183602964702,211.9212313334349,214.0826873779297,23823000,0.0,0.0
2021-01-06 00:00:00-05:00,208.4530616820427,212.6973882173391,208.2270951740865,208.5316619873047,35930700,0.0,0.0
2021-01-07 00:00:00-05:00,210.29029006204888,215.49744393069042,209.96608442677046,214.46583557128906,27694500,0.0,0.0
2021-01-08 00:00:00-05:00,214.8490176088997,216.7157411964738,213.22792935394472,215.77255249023438,22956200,0.0,0.0
2021-01-11 00:00:00-05:00,214.64271344216502,215.07500765838196,212.9331904029826,213.6798858642578,23031300,0.0,0.0
2021-01-12 00:00:00-05:00,212.7072216110408,213.2967164435049,209.5829379768196,211.1647186279297,23249300,0.0,0.0
2021-01-13 00:00:00-05:00,210.27065420764967,212.96264340306683,210.18221949621017,212.5500030517578,20087100,0.0,0.0
2021-01-14 00:00:00-05:00,212.12754793937677,213.6503970019079,209.01308391665813,209.28817749023438,29480800,0.0,0.0
2021-01-15 00:00:00-05:00,209.77942106429808,210.75206800168522,208.31551846274266,208.92465209960938,31746500,0.0,0.0
2021-01-19 00:00:00-05:00,210.00540744434886,213.17881829256103,208.90503303068505,212.64828491210938,30480900,0.0,0.0
2021-01-20 00:00:00-05:00,213.8861906540648,221.83446131723866,213.4833696955342,220.4098663330078,37777300,0.0,0.0
2021-01-21 00:00:00-05:00,220.76356493889037,222.33554115666243,218.52350857302474,221.02883911132812,30709400,0.0,0.0
2021-01-22 00:00:00-05:00,223.10187747729097,226.03950225187862,221.84430248818103,221.99166870117188,30172700,0.0,0.0
2021-01-25 00:00:00-05:00,225.10613593299811,225.75457726175725,220.29198301906882,225.5089569091797,33152100,0.0,0.0
2021-01-26 00:00:00-05:00,227.79815072977553,230.07749990954534,226.04933493939473,228.25991821289062,49169600,0.0,0.0
2021-01-27 00:00:00-05:00,233.8305769892738,236.22783404275808,226.10827246047316,228.81991577148438,69870600,0.0,0.0
2021-01-28 00:00:00-05:00,231.4824323958778,238.3892751145913,230.9715378942281,234.7442626953125,49111200,0.0,0.0
2021-01-29 00:00:00-05:00,231.8557761529063,233.8502120680195,227.29706334815103,227.89637756347656,42503100,0.0,0.0
2021-02-01 00:00:00-05:00,230.9420741541979,238.25173812670073,228.3581432898194,235.45166015625,33314200,0.0,0.0
2021-02-02 00:00:00-05:00,237.0727675531551,238.06506838167073,234.50849046991468,235.31411743164062,25916300,0.0,0.0
2021-02-03 00:00:00-05:00,235.3730769402543,240.79636349158798,235.0684951124483,238.74298095703125,27158100,0.0,0.0
2021-02-04 00:00:00-05:00,238.40891602980378,238.9787569831963,236.15902545593718,237.77029418945312,25296100,0.0,0.0
2021-02-05 00:00:00-05:00,237.9864587154962,239.0180671551437,236.20816982951558,237.9569854736328,18054800,0.0,0.0
2021-02-08 00:00:00-05:00,238.89033965868543,239.41105358664393,236.59133684564506,238.22225952148438,22211900,0.0,0.0
2021-02-09 00:00:00-05:00,237.63274251456923,240.47211281552305,237.15133628167345,239.4994659423828,23565000,0.0,0.0
2021-02-10 00:00:00-05:00,240.70793376572226,241.6118148200695,236.66993476697294,238.56613159179688,22186700,0.0,0.0
2021-02-11 00:00:00-05:00,240.4918069437411,240.85532028117277,237.90787594573206,240.20689392089844,15751100,0.0,0.0
2021-02-12 00:00:00-05:00,239.65669244811068,241.0027022262626,238.4777177086419,240.69813537597656,16561100,0.0,0.0
2021-02-16 00:00:00-05:00,240.73741187614314,241.81814739313114,238.6643755600852,239.4307098388672,26728500,0.0,0.0
2021-02-17 00:00:00-05:00,237.63847997388734,240.58285554519676,237.26427236575938,240.4745330810547,21653500,0.56,0.0
2021-02-18 00:00:00-05:00,238.11115415158793,240.20864911149727,237.18549218548512,240.07078552246094,16925600,0.0,0.0
2021-02-19 00:00:00-05:00,240.0313801868136,240.1397026414765,236.51583645221152,237.29379272460938,25262600,0.0,0.0
2021-02-22 00:00:00-05:00,233.79796702694205,234.30018116144095,228.8545469173489,230.93235778808594,36446900,0.0,0.0
2021-02-23 00:00:00-05:00,226.8161380406147,231.24748703149183,225.24054127790112,229.71128845214844,30228700,0.0,0.0
2021-02-24 00:00:00-05:00,226.50102384555194,231.61184900451906,225.50643754347746,230.97177124023438,26339700,0.0,0.0
2021-02-25 00:00:00-05:00,228.53942256886648,231.01112495906594,224.40350017241192,225.49656677246094,39542200,0.0,0.0
2021-02-26 00:00:00-05:00,227.99781557439258,231.77922956596478,226.038169274498,228.83485412597656,37819200,0.0,0.0
2021-03-01 00:00:00-05:00,232.30117489389386,233.84723066093247,229.5931280626653,233.3253173828125,25324000,0.0,0.0
2021-03-02 00:00:00-05:00,233.3941893203772,233.6797735185409,229.88850279479675,230.30209350585938,22812500,0.0,0.0
2021-03-03 00:00:00-05:00,228.618223625161,230.0165586260845,223.79296789137814,224.08839416503906,34029500,0.0,0.0
2021-03-04 00:00:00-05:00,223.28091418794045,228.94319356289338,220.83873765619393,223.27105712890625,44727800,0.0,0.0
2021-03-05 00:00:00-05:00,226.01848751267724,229.71127817316537,223.00517273787952,228.06675720214844,41872800,0.0,0.0
2021-03-08 00:00:00-05:00,227.84025229479315,229.80974062174232,223.66494665830314,223.9209747314453,35267400,0.0,0.0
2021-03-09 00:00:00-05:00,229.3272371950197,231.7890977281988,228.13569008551917,230.2135009765625,33080500,0.0,0.0
2021-03-10 00:00:00-05:00,233.38438269951888,233.38438269951888,228.5000447033106,228.87425231933594,29746800,0.0,0.0
2021-03-11 00:00:00-05:00,231.37548196907323,235.5212462445681,230.73538928398554,233.5123748779297,29907600,0.0,0.0
2021-03-12 00:00:00-05:00,230.43995179353857,232.22235116183222,229.67185262974436,232.15341186523438,22653700,0.0,0.0
2021-03-15 00:00:00-04:00,231.3755038487308,231.60199080745485,228.2735506030575,231.227783203125,26034900,0.0,0.0
2021-03-16 00:00:00-04:00,232.67534990186942,236.39768164025355,232.3405404923013,234.0835418701172,28092200,0.0,0.0
2021-03-17 00:00:00-04:00,232.54734532084453,234.9107405028457,229.67189395484695,233.42376708984375,29562100,0.0,0.0
2021-03-18 00:00:00-04:00,229.01210575176526,230.61724358508718,226.81613042177548,227.20018005371094,34833000,0.0,0.0
2021-03-19 00:00:00-04:00,227.49560749414408,228.92348356766357,225.85108649625573,226.83583068847656,46430700,0.0,0.0
2021-03-22 00:00:00-04:00,226.75704782294994,233.28589155572502,226.6290262705021,232.38978576660156,30127000,0.0,0.0
2021-03-23 00:00:00-04:00,233.86691251424247,237.37259956771524,233.45332174090063,233.95553588867188,31638400,0.0,0.0
2021-03-24 00:00:00-04:00,234.221412164218,234.36911778267108,231.730010559617,231.8678741455078,25620100,0.0,0.0
2021-03-25 00:00:00-04:00,231.71030527555143,233.32528510682482,228.03721374348515,228.7954559326172,34061900,0.0,0.0
2021-03-26 00:00:00-04:00,228.0175176053547,233.0988011741816,228.0175176053547,232.87229919433594,25479900,0.0,0.0
2021-03-29 00:00:00-04:00,232.98061015978905,233.18741303857416,228.34247372106867,231.65121459960938,25227500,0.0,0.0
2021-03-30 00:00:00-04:00,229.96730550292824,230.28243085074848,227.57438437518317,228.3129425048828,24792000,0.0,0.0
2021-03-31 00:00:00-04:00,229.35678757364659,235.45235690390862,228.8447163548026,232.17315673828125,43623500,0.0,0.0
2021-04-01 00:00:00-04:00,234.83194354734385,239.13527076422,234.41835279884347,238.6527557373047,30338000,0.0,0.0
2021-04-05 00:00:00-04:00,239.05648493325364,246.14665484854808,238.99740268829342,245.27023315429688,36910600,0.0,0.0
2021-04-06 00:00:00-04:00,243.83251877710453,245.5952043329222,243.11365969829666,244.07870483398438,22931900,0.0,0.0
2021-04-07 00:00:00-04:00,244.0294584134784,247.1018555169082,243.41892181625946,246.0875701904297,22719800,0.0,0.0
2021-04-08 00:00:00-04:00,248.91378635949263,250.26288105486472,248.1555291464863,249.38645935058594,23625200,0.0,0.0
2021-04-09 00:00:00-04:00,249.01228950875299,252.08470198162445,248.58885666683491,251.94683837890625,24326800,0.0,0.0
2021-04-12 00:00:00-04:00,250.8241998668555,253.73904928790827,250.73556146977327,252.00588989257812,27148700,0.0,0.0
2021-04-13 00:00:00-04:00,253.33532307559355,255.23587232340714,252.91186019568872,254.54653930664062,23837500,0.0,0.0
2021-04-14 00:00:00-04:00,253.55196170737977,254.8813424106053,251.26734782229497,251.69078063964844,23070900,0.0,0.0
2021-04-15 00:00:00-04:00,253.99503648175224,255.96452466609864,253.79810569452047,255.5410919189453,25627500,0.0,0.0
2021-04-16 00:00:00-04:00,255.51159264807572,257.0182501537934,253.6701257024218,256.76220703125,24878600,0.0,0.0
2021-04-19 00:00:00-04:00,256.22061583180135,257.49094436366954,253.8867767036785,254.792724609375,23209300,0.0,0.0
2021-04-20 00:00:00-04:00,253.88676323753523,256.2304593007617,252.92170307855702,254.32005310058594,19722900,0.0,0.0
2021-04-21 00:00:00-04:00,254.98971014955745,256.70315574059447,253.32548975632665,256.60467529296875,24030400,0.0,0.0
2021-04-22 00:00:00-04:00,256.24027424889834,257.7863298214802,251.74000116709723,253.24667358398438,25606200,0.0,0.0
2021-04-23 00:00:00-04:00,253.94582157921172,257.5204475868437,253.34511203162324,257.1659240722656,21462600,0.0,0.0
2021-04-26 00:00:00-04:00,257.66818246457683,258.43628177273683,256.20092315781187,257.5598449707031,19763300,0.0,0.0
2021-04-27 00:00:00-04:00,257.58938502853806,259.1748388816888,256.1516668529673,257.97344970703125,31014200,0.0,0.0
2021-04-28 00:00:00-04:00,252.1732835315546,252.6262875046263,249.09104437856658,250.67648315429688,46903100,0.0,0.0
2021-04-29 00:00:00-04:00,251.5627526883507,252.19298835713448,245.20129872837379,248.65774536132812,40589000,0.0,0.0
2021-04-30 00:00:00-04:00,245.9300157646204,249.21905770409336,245.79215218110969,248.33277893066406,30945100,0.0,0.0
2021-05-03 00:00:00-04:00,249.53416910289283,250.46968809432576,247.28895357546125,248.01766967773438,19626600,0.0,0.0
2021-05-04 00:00:00-04:00,247.14126008330976,247.3776041073723,242.01073604440154,244.009765625,32756100,0.0,0.0
2021-05-05 00:00:00-04:00,245.26038372919282,245.6936735737239,242.06982219401613,242.70989990234375,21901300,0.0,0.0
2021-05-06 00:00:00-04:00,242.6902062265103,246.04818757054855,240.95706183571835,245.920166015625,26491100,0.0,0.0
2021-05-07 00:00:00-04:00,248.30323719236304,250.42044617975162,247.33819211017862,248.6085205078125,27032900,0.0,0.0
2021-05-10 00:00:00-04:00,247.04276602192047,247.8896466122539,243.34997537093227,243.4090576171875,29299900,0.0,0.0
2021-05-11 00:00:00-04:00,240.81919349987297,242.83792208476734,238.86940422042554,242.4735565185547,33641600,0.0,0.0
2021-05-12 00:00:00-04:00,238.4755039248629,240.65179524398465,234.43806167282398,235.35386657714844,36684400,0.0,0.0
2021-05-13 00:00:00-04:00,238.1111413248089,241.85317214479252,237.7369337350095,239.32237243652344,29624300,0.0,0.0
2021-05-14 00:00:00-04:00,241.83348823020748,245.3785584194974,241.74486485632622,244.36427307128906,23901100,0.0,0.0
2021-05-17 00:00:00-04:00,242.78868496393198,242.8280681204008,239.80491124678719,241.4395751953125,24970200,0.0,0.0
2021-05-18 00:00:00-04:00,242.51296428679163,242.65082787713138,239.19436603374928,239.3716278076172,20168000,0.0,0.0
2021-05-19 00:00:00-04:00,236.20328508302634,240.07239399811724,235.50251070760868,239.9638214111328,25739800,0.56,0.0
2021-05-20 00:00:00-04:00,240.79292257899584,244.7311148365639,240.69421475280075,243.2801971435547,21800700,0.0,0.0
2021-05-21 00:00:00-04:00,244.3560654875006,245.10619378248157,241.56280260306195,241.98721313476562,21863100,0.0,0.0
2021-05-24 00:00:00-04:00,244.57320925224053,247.89947050248475,244.29684538810227,247.52439880371094,21411500,0.0,0.0
2021-05-25 00:00:00-04:00,248.501548130387,249.46882163923232,247.56388395931344,248.4521942138672,17704300,0.0,0.0
2021-05-26 00:00:00-04:00,248.1659402164138,249.6563471055613,247.49477517389187,248.2251739501953,17771600,0.0,0.0
2021-05-27 00:00:00-04:00,247.90934064300893,248.21531385203937,246.01426765033864,246.073486328125,24426200,0.0,0.0
2021-05-28 00:00:00-04:00,247.74153072402004,248.80751202605282,246.32022232130964,246.43865966796875,18270200,0.0,0.0
2021-06-01 00:00:00-04:00,247.96854393077558,248.02776260488656,243.75398764240575,244.18826293945312,23213300,0.0,0.0
2021-06-02 00:00:00-04:00,244.9087958883495,246.03399587359155,242.64851609842356,244.08956909179688,19406700,0.0,0.0
2021-06-03 00:00:00-04:00,242.0365583884255,243.1420137437247,239.84537719438623,242.52020263671875,25307700,0.0,0.0
2021-06-04 00:00:00-04:00,244.5435622752686,248.38306150470132,244.29680778735982,247.5342254638672,25281100,0.0,0.0
2021-06-07 00:00:00-04:00,246.73477931151925,250.7914242867059,246.56698804255788,250.5150604248047,23079200,0.0,0.0
2021-06-08 00:00:00-04:00,251.8475260565928,252.68649741272625,249.23191922086505,249.29115295410156,22455000,0.0,0.0
2021-06-09 00:00:00-04:00,250.51507305327124,252.21274546807314,249.92287120250188,250.2979278564453,17937600,0.0,0.0
2021-06-10 00:00:00-04:00,250.98881246967548,254.11765787044342,250.376866100143,253.9005126953125,24563600,0.0,0.0
2021-06-11 00:00:00-04:00,254.64080723616698,255.13431631961015,253.27871734643912,254.54212951660156,18999700,0.0,0.0
2021-06-14 00:00:00-04:00,254.55195733302182,256.57536247403823,253.466231418501,256.5161437988281,19150500,0.0,0.0
2021-06-15 00:00:00-04:00,256.39768057863,256.61482576513487,254.33481636753444,255.0059814453125,18038900,0.0,0.0
2021-06-16 00:00:00-04:00,256.03247717314815,257.1971512476857,251.1171314814195,254.03871154785156,27220000,0.0,0.0
2021-06-17 00:00:00-04:00,252.74574656339513,258.35200246316276,252.6865278837176,257.5130310058594,27565500,0.0,0.0
2021-06-18 00:00:00-04:00,256.2595189437594,258.89484045235594,255.39093817999338,256.0621032714844,37202200,0.0,0.0
2021-06-21 00:00:00-04:00,256.44703227718463,260.0989809223717,254.57170404085613,259.2205505371094,26696100,0.0,0.0
2021-06-22 00:00:00-04:00,259.30938260066245,262.33953523511644,258.99352959637923,262.06317138671875,24694100,0.0,0.0
2021-06-23 00:00:00-04:00,262.53694821854464,263.36603985041484,260.9972023134423,261.8262939453125,19518700,0.0,0.0
2021-06-24 00:00:00-04:00,262.7047563373946,264.3728194327906,262.0237113992079,263.2278747558594,21446900,0.0,0.0
2021-06-25 00:00:00-04:00,262.77381175282846,263.7805592644091,261.32289409476886,261.5794982910156,25611100,0.0,0.0
2021-06-28 00:00:00-04:00,262.73435174717116,265.40916237739776,262.4579878826614,265.23150634765625,19590000,0.0,0.0
2021-06-29 00:00:00-04:00,265.37952413826144,268.12343296614387,264.5010937837136,267.8766784667969,19937800,0.0,0.0
2021-06-30 00:00:00-04:00,267.1759438522351,267.83722914083603,266.10009768966967,267.3832092285156,21656500,0.0,0.0
2021-07-01 00:00:00-04:00,266.10991036354164,268.31097136247934,266.1000606660247,268.0740966796875,16725300,0.0,0.0
2021-07-02 00:00:00-04:00,269.2782487043551,274.39099453893067,268.96239572611006,274.0455322265625,26458000,0.0,0.0
2021-07-06 00:00:00-04:00,274.420672876844,275.74327366924393,270.7390840943374,274.05548095703125,31565600,0.0,0.0
2021-07-07 00:00:00-04:00,275.7728411035047,277.0461028402702,273.5520504591328,276.29595947265625,23260000,0.0,0.0
2021-07-08 00:00:00-04:00,273.30530431126886,275.1115642919807,271.3016587845209,273.8185729980469,24618600,0.0,0.0
2021-07-09 00:00:00-04:00,272.14063620412816,274.4403751614622,271.74583498192777,274.3318176269531,23916700,0.0,0.0
2021-07-12 00:00:00-04:00,275.5359889222895,276.13805553235557,272.98946524067014,273.7198791503906,18931700,0.0,0.0
2021-07-13 00:00:00-04:00,273.9172323605743,279.17805531921397,273.78894531887556,277.33233642578125,26120100,0.0,0.0
2021-07-14 00:00:00-04:00,278.684541765201,279.97753295145367,276.9078912704253,278.84246826171875,23113700,0.0,0.0
2021-07-15 00:00:00-04:00,278.33909206974073,278.84248091765124,276.1972496326672,277.3816833496094,22604200,0.0,0.0
2021-07-16 00:00:00-04:00,278.4081872107788,280.41183263747786,275.832054449937,277.1053161621094,26186800,0.0,0.0
2021-07-19 00:00:00-04:00,275.3089679097406,276.73027646866586,270.8871458343319,273.4139099121094,32935600,0.0,0.0
2021-07-20 00:00:00-04:00,274.42061650512824,277.3224518683609,272.6736054686512,275.6938781738281,26259700,0.0,0.0
2021-07-21 00:00:00-04:00,275.2793117115415,277.86529402896906,273.69022720403774,277.7468566894531,24364300,0.0,0.0
2021-07-22 00:00:00-04:00,280.15522473079324,282.70174839532297,279.740693980737,282.4253845214844,23384100,0.0,0.0
2021-07-23 00:00:00-04:00,283.63935592336475,286.22533824646143,282.7806550885928,285.9095153808594,22768100,0.0,0.0
2021-07-26 00:00:00-04:00,285.24820753432107,285.9292523772464,282.91885946739905,285.29754638671875,23176100,0.0,0.0
2021-07-27 00:00:00-04:00,285.6726264077435,285.8206730906656,279.2767687343048,282.8201599121094,33604100,0.0,0.0
2021-07-28 00:00:00-04:00,285.238332089787,286.38327662412803,280.1453154182974,282.5043029785156,33566900,0.0,0.0
2021-07-29 00:00:00-04:00,282.5240358352193,284.87314360401547,282.3661093332985,282.7806701660156,18168300,0.0,0.0
2021-07-30 00:00:00-04:00,281.4679685767801,282.9386159265059,280.2243161153784,281.2113342285156,20944800,0.0,0.0
2021-08-02 00:00:00-04:00,282.64248371862294,283.0471647471195,280.05650116123667,281.12249755859375,16267400,0.0,0.0
2021-08-03 00:00:00-04:00,281.7146960840254,283.5011962877372,280.3131172443877,283.3926086425781,17879000,0.0,0.0
2021-08-04 00:00:00-04:00,282.504314186037,283.8565241272313,280.9546885815934,282.7905578613281,16191300,0.0,0.0
2021-08-05 00:00:00-04:00,283.15579268092915,285.8700927946322,282.38591967171686,285.7615051269531,13900200,0.0,0.0
2021-08-06 00:00:00-04:00,284.764590903526,285.7417291467339,283.8861303694657,285.7022399902344,16589300,0.0,0.0
2021-08-09 00:00:00-04:00,285.9884930107408,287.7651135330837,284.0736754968325,284.5869140625,16117600,0.0,0.0
2021-08-10 00:00:00-04:00,285.0507835456757,285.4949536898633,281.4975428777695,282.721435546875,18616600,0.0,0.0
2021-08-11 00:00:00-04:00,283.4814577369625,284.9126460187598,282.1489772886343,283.224853515625,13955900,0.0,0.0
2021-08-12 00:00:00-04:00,282.90898880130203,286.2056254773507,282.6227451324959,286.0476989746094,14561300,0.0,0.0
2021-08-13 00:00:00-04:00,285.72200220916307,289.097587146035,285.544316064011,289.0482482910156,18249000,0.0,0.0
2021-08-16 00:00:00-04:00,289.38381368221724,290.99265786305926,286.25495332714786,290.7755126953125,22507600,0.0,0.0
2021-08-17 00:00:00-04:00,288.5941928457476,289.62066982629517,287.30117161962033,289.27520751953125,20075300,0.0,0.0
2021-08-18 00:00:00-04:00,288.800593537789,291.54975554985543,287.05020771310205,287.505126953125,21813000,0.56,0.0
2021-08-19 00:00:00-04:00,285.4877285004129,294.17033574881117,285.43829519358997,293.47808837890625,29850500,0.0,0.0
2021-08-20 00:00:00-04:00,296.3954014430733,302.4475114197202,294.75381112603077,300.9839172363281,40817600,0.0,0.0
2021-08-23 00:00:00-04:00,299.8862263293428,302.0123716096324,298.50176174071686,301.27069091796875,22830200,0.0,0.0
2021-08-24 00:00:00-04:00,301.63655556406326,302.2595721193212,298.65006577081743,299.26318359375,18175800,0.0,0.0
2021-08-25 00:00:00-04:00,300.9246111599273,301.21140285271247,297.08767450528956,298.6600341796875,20006100,0.0,0.0
2021-08-26 00:00:00-04:00,297.6512877821061,299.0753171352424,295.63393801438383,295.7723693847656,17666100,0.0,0.0
2021-08-27 00:00:00-04:00,295.6734723329805,297.5326234412447,293.53742830512795,296.3953857421875,22605700,0.0,0.0
2021-08-30 00:00:00-04:00,297.77983974571157,300.8454592186275,297.72050770641533,300.2224426269531,16348100,0.0,0.0
2021-08-31 00:00:00-04:00,301.04326687634074,301.12236620607916,298.1556433863148,298.53143310546875,26285300,0.0,0.0
2021-09-01 00:00:00-04:00,299.5104364533449,301.80470930128035,298.1457391527787,298.4819641113281,18983800,0.0,0.0
2021-09-02 00:00:00-04:00,298.84791095938454,299.9950173028967,296.8502981446053,297.8095397949219,16285600,0.0,0.0
2021-09-03 00:00:00-04:00,297.6512613125133,299.2434180942379,296.9293781459411,297.79962158203125,14747900,0.0,0.0
2021-09-07 00:00:00-04:00,297.6710909828159,297.7501903132628,294.8922629977368,296.85028076171875,17180400,0.0,0.0
2021-09-08 00:00:00-04:00,296.4547208201944,297.2755008541107,294.1703466654249,296.87994384765625,15046800,0.0,0.0
2021-09-09 00:00:00-04:00,297.48322762824637,298.7885930618636,293.7055928941731,293.95281982421875,19927000,0.0,0.0
2021-09-10 00:00:00-04:00,295.10983204641394,296.5931935106303,292.1035443621303,292.42987060546875,19633400,0.0,0.0
2021-09-13 00:00:00-04:00,294.249434015663,295.2284730271808,290.81792355653306,293.6956481933594,23652900,0.0,0.0
2021-09-14 00:00:00-04:00,296.23717050507355,298.04688838826723,294.7933737994426,296.4646301269531,21853400,0.0,0.0
2021-09-15 00:00:00-04:00,299.8961492248093,301.9332966077175,298.4721197677575,301.4388427734375,28356300,0.0,0.0
2021-09-16 00:00:00-04:00,300.3905844470138,301.9233791666837,297.42386162515066,301.8343811035156,19550800,0.0,0.0
2021-09-17 00:00:00-04:00,300.7960217297157,301.12234794130757,296.2074762275168,296.543701171875,41372500,0.0,0.0
2021-09-20 00:00:00-04:00,293.0430038738941,295.4065077500364,286.3085448877208,291.0355224609375,38278700,0.0,0.0
2021-09-21 00:00:00-04:00,292.410079961896,294.239564990786,290.80805453714885,291.5299377441406,22364100,0.0,0.0
2021-09-22 00:00:00-04:00,293.4385808606485,296.8898589372692,291.2432046479538,295.2680358886719,26626300,0.0,0.0
2021-09-23 00:00:00-04:00,295.53506661355294,297.5623152887366,294.2297012311669,296.2371826171875,18604600,0.0,0.0
2021-09-24 00:00:00-04:00,294.9219083574135,296.47447026880525,293.63631043996025,296.02947998046875,14999000,0.0,0.0
2021-09-27 00:00:00-04:00,292.85510101604604,293.18142723396534,289.6905847339244,290.9069519042969,23571700,0.0,0.0
2021-09-28 00:00:00-04:00,286.5854305091581,287.5545708895959,279.61364351179066,280.3750915527344,43186200,0.0,0.0
2021-09-29 00:00:00-04:00,281.9375663725036,283.58902518517783,279.8707530837716,280.8497619628906,26353700,0.0,0.0
2021-09-30 00:00:00-04:00,282.54081572036176,284.6372952543213,278.49618677436075,278.7928771972656,32343600,0.0,0.0
2021-10-01 00:00:00-04:00,278.99063245880416,286.7634625893197,278.1698523555275,285.8932189941406,30086300,0.0,0.0
2021-10-04 00:00:00-04:00,284.2120263696723,284.5581500510728,277.14134335990667,279.9696044921875,31350700,0.0,0.0
2021-10-05 00:00:00-04:00,280.89916964175575,287.1787384442642,280.89916964175575,285.55694580078125,24993000,0.0,0.0
2021-10-06 00:00:00-04:00,282.60999414299573,290.3729243284995,282.3429999730104,289.8586730957031,28002600,0.0,0.0
2021-10-07 00:00:00-04:00,291.90576351345294,293.3495904639562,290.65976035084634,291.5794372558594,20430500,0.0,0.0
2021-10-08 00:00:00-04:00,292.9342359570423,293.3495904639562,290.5015314995966,291.5794372558594,17685700,0.0,0.0
2021-10-11 00:00:00-04:00,289.67087236886005,294.664844451284,289.50274477201225,290.9663391113281,19298600,0.0,0.0
2021-10-12 00:00:00-04:00,292.06399106773654,292.16288787171186,289.1071667569986,289.63128662109375,17974100,0.0,0.0
2021-10-13 00:00:00-04:00,291.6387288269207,293.9824348888368,290.2344668288907,293.023193359375,23416300,0.0,0.0
2021-10-14 00:00:00-04:00,295.89104321130804,299.9060057705648,294.5263458546912,299.39178466796875,27262900,0.0,0.0
2021-10-15 00:00:00-04:00,298.98631891343854,301.0729296338351,297.18649984598204,300.8355712890625,25384800,0.0,0.0
2021-10-18 00:00:00-04:00,300.2027015560444,304.79121734368437,299.3324579982852,303.8814392089844,22729300,0.0,0.0
2021-10-19 00:00:00-04:00,304.92966872366674,305.86911284925316,303.8121982915226,304.8110046386719,17682100,0.0,0.0
2021-10-20 00:00:00-04:00,305.7800824801528,306.26466768143985,302.71446316571456,304.00006103515625,16537100,0.0,0.0
2021-10-21 00:00:00-04:00,303.76275267816266,307.5700226934802,302.96170977876375,307.31292724609375,16918100,0.0,0.0
2021-10-22 00:00:00-04:00,306.95691816034395,307.639266830131,304.3857523213414,305.7306823730469,17449300,0.0,0.0
2021-10-25 00:00:00-04:00,305.92846481502255,305.9680295722859,303.0606385843089,304.7121276855469,17554500,0.0,0.0
2021-10-26 00:00:00-04:00,307.5502471834393,308.9347117137257,305.17687510593925,306.67010498046875,28107300,0.0,0.0
2021-10-27 00:00:00-04:00,312.49481554368964,322.48278878517146,312.49481554368964,319.5852966308594,52588700,0.0,0.0
2021-10-28 00:00:00-04:00,320.7323692826395,321.2663878045657,317.7953126806401,320.7521667480469,26297900,0.0,0.0
2021-10-29 00:00:00-04:00,320.53462017022593,328.3173180310465,320.30716056134366,327.9415283203125,34766000,0.0,0.0
2021-11-01 00:00:00-04:00,327.6844388697858,327.8130016986064,322.7497991359566,325.7165222167969,27073200,0.0,0.0
2021-11-02 00:00:00-04:00,326.64611786100596,329.7513026950098,326.33955887154315,329.4348449707031,26487100,0.0,0.0
2021-11-03 00:00:00-04:00,330.1962387031028,331.1851462944143,326.9822890313404,330.2951354980469,21500100,0.0,0.0
2021-11-04 00:00:00-04:00,329.1974590079803,332.8069656415339,325.8549465567386,332.70806884765625,23992200,0.0,0.0
2021-11-05 00:00:00-04:00,334.75511100751675,335.0320039198132,330.71048266976425,332.332275390625,22570100,0.0,0.0
2021-11-08 00:00:00-05:00,333.55857314938396,333.90469689888704,330.7303114606202,333.25201416015625,20897000,0.0,0.0
2021-11-09 00:00:00-05:00,333.3706169676379,334.96277385098665,330.819248711763,332.2235107421875,21307400,0.0,0.0
2021-11-10 00:00:00-05:00,330.8588161237755,330.9181481642217,326.26040191480934,327.130615234375,25500900,0.0,0.0
2021-11-11 00:00:00-05:00,327.57561955008805,330.0676556630329,326.8438376346574,328.7425231933594,16849800,0.0,0.0
2021-11-12 00:00:00-05:00,330.21605600122336,333.4893379107219,330.08749317798146,332.9849853515625,23831000,0.0,0.0
2021-11-15 00:00:00-05:00,333.7958890230447,334.13211399489325,330.32481359335844,332.3421936035156,16723000,0.0,0.0
2021-11-16 00:00:00-05:00,331.95648566349246,336.89115495671473,331.78838827696507,335.7440185546875,20886800,0.0,0.0
2021-11-17 00:00:00-05:00,335.7935715337865,339.0134012960568,334.8622952761107,335.9718933105469,19053400,0.62,0.0
2021-11-18 00:00:00-05:00,335.0406172707783,339.2709975726664,333.9904598279125,338.1019287109375,22463500,0.0,0.0
2021-11-19 00:00:00-05:00,339.45922732238336,341.8963822455096,339.0233095007799,339.9248352050781,21963400,0.0,0.0
2021-11-22 00:00:00-05:00,341.4208351336745,346.42397335390734,336.3978934608328,336.67529296875,31031100,0.0,0.0
2021-11-23 00:00:00-05:00,333.92110111739606,336.29884573711894,330.4635089970626,334.5452575683594,30427600,0.0,0.0
2021-11-24 00:00:00-05:00,333.1582590313033,335.02081153517446,330.81026494892825,334.77313232421875,21661300,0.0,0.0
2021-11-26 00:00:00-05:00,331.24616758748596,334.7929204226287,325.0739910491963,326.6195068359375,24217200,0.0,0.0
2021-11-29 00:00:00-05:00,331.8307214180582,335.8827499172127,331.63256594403947,333.5050354003906,28563500,0.0,0.0
2021-11-30 00:00:00-05:00,332.207158389182,334.6443132057838,325.93590423184,327.52105712890625,42885600,0.0,0.0
2021-12-01 00:00:00-05:00,332.01891540853217,336.13038395025404,326.3322108332759,327.0157775878906,33337600,0.0,0.0
2021-12-02 00:00:00-05:00,327.2337526172272,330.3941416827387,324.75696057430457,326.4312744140625,30766000,0.0,0.0
2021-12-03 00:00:00-05:00,328.90809299545293,329.61152376108043,315.07769357744314,320.011474609375,41779300,0.0,0.0
2021-12-06 00:00:00-05:00,320.9426999299214,324.4102085189837,316.26651570901487,323.1618957519531,30032600,0.0,0.0
2021-12-07 00:00:00-05:00,328.56130246864245,332.6826573541519,327.03559027776356,331.81085205078125,31021900,0.0,0.0
2021-12-08 00:00:00-05:00,332.19725268650865,332.3854913000259,327.7291101776706,331.86041259765625,24761000,0.0,0.0
2021-12-09 00:00:00-05:00,331.3056186104391,333.3662963128985,329.03686860508606,330.0077819824219,22214200,0.0,0.0
2021-12-10 00:00:00-05:00,331.87035126482243,339.81588975612044,331.6821126389265,339.36016845703125,38095700,0.0,0.0
2021-12-13 00:00:00-05:00,337.5174144741413,340.5985596475969,335.9322614425238,336.2492980957031,28899400,0.0,0.0
2021-12-14 00:00:00-05:00,330.1266646576605,331.5334958651202,321.10121857747214,325.2919616699219,44438700,0.0,0.0
2021-12-15 00:00:00-05:00,325.55942764189393,332.0783610070855,321.48759617505715,331.5433654785156,35381100,0.0,0.0
2021-12-16 00:00:00-05:00,332.5935267493306,333.6337975245389,320.02132820334333,321.8838806152344,35034800,0.0,0.0
2021-12-17 00:00:00-05:00,317.9012216840176,321.90372614830665,314.3049147486993,320.7940979003906,47750300,0.0,0.0
2021-12-20 00:00:00-05:00,317.0789006950439,319.80337190319597,314.62194237362974,316.9402160644531,28326500,0.0,0.0
2021-12-21 00:00:00-05:00,320.2888417960249,324.6876267938357,316.83121961488087,324.251708984375,24740600,0.0,0.0
2021-12-22 00:00:00-05:00,325.2523056484869,330.51300931323874,322.7259899619886,330.1068420410156,24831500,0.0,0.0
2021-12-23 00:00:00-05:00,329.6610451447517,333.2672691367761,329.64124169129275,331.5830383300781,19617800,0.0,0.0
2021-12-27 00:00:00-05:00,332.34586477911773,339.30071638976654,332.31614448310125,339.27099609375,19947000,0.0,0.0
2021-12-28 00:00:00-05:00,339.96447875829676,340.61835550303965,337.1607633946197,338.0821228027344,15661500,0.0,0.0
2021-12-29 00:00:00-05:00,338.13167509322466,341.1038258742408,336.5267185089609,338.7756652832031,15042000,0.0,0.0
2021-12-30 00:00:00-05:00,338.7359969216572,339.94467267058,335.6746855274634,336.1700439453125,15994500,0.0,0.0
2021-12-31 00:00:00-05:00,335.3675481517792,336.20963323056935,332.73223787881557,333.1978759765625,18000800,0.0,0.0
2022-01-03 00:00:00-05:00,332.2368921945463,334.86228572512135,326.7185922416067,331.6424560546875,28865100,0.0,0.0
2022-01-04 00:00:00-05:00,331.72169840640663,332.08828902535015,323.09256339922825,325.95574951171875,32674300,0.0,0.0
2022-01-05 00:00:00-05:00,322.83496929214454,323.0430415935657,313.04671248188777,313.4429931640625,40054300,0.0,0.0
2022-01-06 00:00:00-05:00,310.24298283913777,315.74147962673493,308.5983892012821,310.9662170410156,39646100,0.0,0.0
2022-01-07 00:00:00-05:00,311.23368968189817,313.5618803060659,307.2113817245184,311.1247253417969,32720000,0.0,0.0
2022-01-10 00:00:00-05:00,306.61697436047217,311.79843481186043,301.8615451689409,311.35260009765625,44289500,0.0,0.0
2022-01-11 00:00:00-05:00,310.470846772073,313.67084280106366,307.013254690862,312.0559997558594,29386800,0.0,0.0
2022-01-12 00:00:00-05:00,316.70245741531426,320.40772862682127,314.1364742594245,315.3154296875,34372200,0.0,0.0
2022-01-13 00:00:00-05:00,317.4950361383828,317.90123368268473,301.17792810066317,301.9704895019531,45366000,0.0,0.0
2022-01-14 00:00:00-05:00,301.425566355857,307.93458255524814,300.93020798879724,307.3203430175781,39846400,0.0,0.0
2022-01-18 00:00:00-05:00,301.2472853574317,306.92407366204577,298.938898123424,299.8404541015625,42333200,0.0,0.0
2022-01-19 00:00:00-05:00,303.4466732914644,310.9959308718618,299.8900034182397,300.5141296386719,45933900,0.0,0.0
2022-01-20 00:00:00-05:00,306.20085733164547,308.7568934451825,298.34448014066584,298.8002014160156,35380700,0.0,0.0
2022-01-21 00:00:00-05:00,299.88009953933994,301.2869005998548,292.8658069874953,293.28192138671875,57984400,0.0,0.0
2022-01-24 00:00:00-05:00,289.48744153268586,294.3518340865009,273.48734210419974,293.61871337890625,85731500,0.0,0.0
2022-01-25 00:00:00-05:00,288.8137604448549,292.2515490667957,282.52273273895844,285.8118896484375,72848600,0.0,0.0
2022-01-26 00:00:00-05:00,305.1308187624668,305.6360939411945,290.309705784432,293.9555358886719,90428900,0.0,0.0
2022-01-27 00:00:00-05:00,299.85034715748384,304.4472573392357,295.16424585850746,297.0565185546875,53481300,0.0,0.0
2022-01-28 00:00:00-05:00,297.4429216133484,305.6163353745126,291.71657960580694,305.39837646484375,49743700,0.0,0.0
2022-01-31 00:00:00-05:00,306.0819856343502,309.4801372039668,303.5259192073298,308.0931396484375,46444500,0.0,0.0
2022-02-01 00:00:00-05:00,307.5283838332794,307.7463427232829,302.2974007074702,305.8937072753906,40950400,0.0,0.0
2022-02-02 00:00:00-05:00,306.7556473086547,312.19467286013924,306.01260970941246,310.5500793457031,36636000,0.0,0.0
2022-02-03 00:00:00-05:00,306.6169267735046,308.3407945311725,297.17539706312397,298.45343017578125,43730000,0.0,0.0
2022-02-04 00:00:00-05:00,297.42309613386396,305.9333502203815,297.1853337655839,303.09991455078125,35096500,0.0,0.0
2022-02-07 00:00:00-05:00,303.32779319930575,304.98227341814606,297.11597916030775,298.15625,28533300,0.0,0.0
2022-02-08 00:00:00-05:00,298.4534566347977,302.7234439192785,297.16553679946304,301.73272705078125,32421200,0.0,0.0
2022-02-09 00:00:00-05:00,306.9934269295294,309.03430123147655,304.536468479803,308.32098388671875,31284700,0.0,0.0
2022-02-10 00:00:00-05:00,301.21756113713263,306.25038945874195,297.90857046869655,299.5729675292969,45386200,0.0,0.0
2022-02-11 00:00:00-05:00,300.3754221135229,301.46521661535456,291.48869141220894,292.30108642578125,39175600,0.0,0.0
2022-02-14 00:00:00-05:00,291.04288198344284,294.0051459633698,288.64536410597924,292.261474609375,36359500,0.0,0.0
2022-02-15 00:00:00-05:00,297.2250037633131,298.00764839018274,294.2627395043774,297.68072509765625,27058300,0.0,0.0
2022-02-16 00:00:00-05:00,296.2114221483519,298.6933357706651,291.5553497691485,297.333251953125,29982100,0.62,0.0
2022-02-17 00:00:00-05:00,294.2159529953086,294.6527722152348,287.9019793020436,288.626708984375,32461600,0.0,0.0
2022-02-18 00:00:00-05:00,290.92987764152315,291.73401516217746,284.2386487868164,285.846923828125,34264000,0.0,0.0
2022-02-22 00:00:00-05:00,282.9381049593822,289.4307983773414,282.44172231910255,285.638427734375,41736100,0.0,0.0
2022-02-23 00:00:00-05:00,288.0806801631848,289.5897030850824,278.07361743981323,278.24237060546875,37811200,0.0,0.0
2022-02-24 00:00:00-05:00,270.5385229111616,293.02465433059785,269.55566451225303,292.4587707519531,56989700,0.0,0.0
2022-02-25 00:00:00-05:00,293.00477381890755,295.4767497937797,289.54000221798657,295.1590576171875,32546700,0.0,0.0
2022-02-28 00:00:00-05:00,292.1807574158235,296.97583085318087,290.8802372769975,296.62835693359375,34627500,0.0,0.0
2022-03-01 00:00:00-05:00,294.25565373799884,297.7998334298659,290.0364008562891,292.816162109375,31217800,0.0,0.0
2022-03-02 00:00:00-05:00,293.22314561021784,299.2889573712296,291.57518186696205,298.0182189941406,31873000,0.0,0.0
2022-03-03 00:00:00-05:00,300.69872019067805,300.93697418666596,291.9226475790536,293.7791442871094,27314500,0.0,0.0
2022-03-04 00:00:00-05:00,292.1609438049115,293.52102758221895,285.09245886514384,287.7629699707031,32356500,0.0,0.0
2022-03-07 00:00:00-05:00,286.4426105789577,287.5942221225114,276.51495620018153,276.8922119140625,43157200,0.0,0.0
2022-03-08 00:00:00-05:00,275.79018320373564,281.90562097609046,268.0466261233339,273.85430908203125,48159500,0.0,0.0
2022-03-09 00:00:00-05:00,281.3893909128302,287.50482861947535,278.74863165563403,286.41278076171875,35204500,0.0,0.0
2022-03-10 00:00:00-05:00,280.97242017374685,284.526536861767,278.55007045356984,283.5238342285156,30628000,0.0,0.0
2022-03-11 00:00:00-05:00,285.8766954093354,287.4154998460352,277.40840837213614,278.0437927246094,27209300,0.0,0.0
2022-03-14 00:00:00-04:00,278.311842390818,283.3352327789948,273.8245537897828,274.4400634765625,30660700,0.0,0.0
2022-03-15 00:00:00-04:00,278.3217783830236,285.7377369312884,276.7135033262328,285.07257080078125,34245100,0.0,0.0
2022-03-16 00:00:00-04:00,287.0183629723706,292.4388833548794,281.1511466771903,292.26019287109375,37826300,0.0,0.0
2022-03-17 00:00:00-04:00,291.1681680773621,293.47136074363414,287.27651443987634,293.0841979980469,30816600,0.0,0.0
2022-03-18 00:00:00-04:00,293.2330797673587,298.82235321484404,290.61219514797915,298.2564697265625,43390600,0.0,0.0
2022-03-21 00:00:00-04:00,296.727630783614,297.9685873907318,292.76647669187525,296.99566650390625,28351200,0.0,0.0
2022-03-22 00:00:00-04:00,297.63103941188854,302.7934313436787,296.6084923146325,301.8602294921875,27599700,0.0,0.0
2022-03-23 00:00:00-04:00,298.3359433317482,301.0362664613333,295.56611935216733,297.32330322265625,25715400,0.0,0.0
2022-03-24 00:00:00-04:00,296.975855491391,301.9992459779956,296.1617805943724,301.89996337890625,24484500,0.0,0.0
2022-03-25 00:00:00-04:00,303.0218063198843,303.2898420819806,297.1247771793911,301.4830017089844,22566500,0.0,0.0
2022-03-28 00:00:00-04:00,302.1282686801092,308.55146177122134,302.1282686801092,308.45220947265625,29578200,0.0,0.0
2022-03-29 00:00:00-04:00,311.63899518742966,313.53518076648106,306.8141395141959,313.1281433105469,30393400,0.0,0.0
2022-03-30 00:00:00-04:00,311.4900726514594,313.6642312387506,309.32582111606257,311.5893249511719,28163600,0.0,0.0
2022-03-31 00:00:00-04:00,311.62902217487033,312.8600717509182,305.6625233128865,306.0794677734375,33422100,0.0,0.0
2022-04-01 00:00:00-04:00,307.13180107563727,307.88631241104673,303.32952324455715,307.18145751953125,27110500,0.0,0.0
2022-04-04 00:00:00-04:00,307.846584723562,312.8302555657673,307.46932906638614,312.6912841796875,24289600,0.0,0.0
2022-04-05 00:00:00-04:00,311.0035832712157,312.5920138547385,307.6281872167256,308.6308898925781,23156700,0.0,0.0
2022-04-06 00:00:00-04:00,302.9820897812537,304.77899282006473,294.56342786752026,297.333251953125,40110400,0.0,0.0
2022-04-07 00:00:00-04:00,294.5137808160775,301.4532011166921,294.2060259724917,299.189697265625,31411200,0.0,0.0
2022-04-08 00:00:00-04:00,298.26639937545895,298.9414724860928,294.13649222726525,294.8215026855469,24361900,0.0,0.0
2022-04-11 00:00:00-04:00,289.67898396933305,290.4930284577327,282.9380993645292,283.19622802734375,34569300,0.0,0.0
2022-04-12 00:00:00-04:00,287.14742625933417,288.636574212354,278.46072986671834,280.0193786621094,30966700,0.0,0.0
2022-04-13 00:00:00-04:00,280.6845474337197,286.4922002686943,279.26487001267924,285.5391540527344,21907200,0.0,0.0
2022-04-14 00:00:00-04:00,286.00576286951167,286.2241724559578,277.2992217535522,277.8055114746094,28221600,0.0,0.0
2022-04-18 00:00:00-04:00,276.8922017966627,280.4165068536344,276.32631824651804,278.49053955078125,20778000,0.0,0.0
2022-04-19 00:00:00-04:00,277.35877771561525,284.09966266723535,276.3957941510981,283.2359313964844,22297700,0.0,0.0
2022-04-20 00:00:00-04:00,287.30628416840835,287.60413194934694,283.3054410484974,284.28826904296875,22906700,0.0,0.0
2022-04-21 00:00:00-04:00,286.4922184356435,291.1780722150412,278.0338683519556,278.7784423828125,29454600,0.0,0.0
2022-04-22 00:00:00-04:00,279.6421341555773,281.15115686478396,271.4021939388699,272.0474853515625,29405800,0.0,0.0
2022-04-25 00:00:00-04:00,271.3128180136044,279.07621908160195,268.81103024568324,278.6890563964844,35678900,0.0,0.0
2022-04-26 00:00:00-04:00,275.49237546175317,276.34613909189466,268.0466355844085,268.2650451660156,46518400,0.0,0.0
2022-04-27 00:00:00-04:00,280.0591280965912,288.8649524319123,277.1403953687375,281.1710205078125,63477700,0.0,0.0
2022-04-28 00:00:00-04:00,283.1267568077675,288.8748767529952,279.42373109026045,287.5346374511719,33646600,0.0,0.0
2022-04-29 00:00:00-04:00,286.5219702482347,287.78280153203184,274.49959736193165,275.51220703125,37073900,0.0,0.0
2022-05-02 00:00:00-04:00,275.7008534102406,282.87855770763355,274.2216427522526,282.4119567871094,35151100,0.0,0.0
2022-05-03 00:00:00-04:00,281.90564579447573,282.0744292378531,278.12321216103675,279.7414245605469,25978600,0.0,0.0
2022-05-04 00:00:00-04:00,280.5455600276515,288.7755933621942,274.72796954846757,287.8821105957031,33599300,0.0,0.0
2022-05-05 00:00:00-04:00,283.47422596609266,284.2783634742719,272.3552419491839,275.3434753417969,43260400,0.0,0.0
2022-05-06 00:00:00-04:00,272.8218395369083,277.2297200520797,269.3074417646947,272.742431640625,37780300,0.0,0.0
2022-05-09 00:00:00-04:00,268.1061973278759,270.3895454232916,261.41496883012985,262.66583251953125,47726000,0.0,0.0
2022-05-10 00:00:00-04:00,269.72442099650374,271.76951519854657,263.15231921160955,267.5502624511719,39336400,0.0,0.0
2022-05-11 00:00:00-04:00,263.75789980962065,269.396799916511,257.4240518155818,258.6650085449219,48975900,0.0,0.0
2022-05-12 00:00:00-04:00,255.82569166983197,257.9998500928339,248.21118366375228,253.50262451171875,51033800,0.0,0.0
2022-05-13 00:00:00-04:00,255.4881813507791,261.1370188917101,253.50265055387666,259.23089599609375,34925100,0.0,0.0
2022-05-16 00:00:00-04:00,258.07928708483456,263.8969081323986,253.92953494894917,259.608154296875,32550900,0.0,0.0
2022-05-17 00:00:00-04:00,264.18479368701264,266.3887341505828,260.56120593164275,264.8896789550781,28828800,0.0,0.0
2022-05-18 00:00:00-04:00,261.70542123608084,262.3024738979241,251.52578115578075,252.82933044433594,31356000,0.62,0.0
2022-05-19 00:00:00-04:00,252.6501896463881,256.4016515307442,250.64014388169267,251.89393615722656,32692300,0.0,0.0
2022-05-20 00:00:00-04:00,255.97375898346388,257.2673781186334,245.22693276168187,251.31680297851562,39199300,0.0,0.0
2022-05-23 00:00:00-04:00,254.23238493105478,260.21279592187267,252.18251229302007,259.3669738769531,33175400,0.0,0.0
2022-05-24 00:00:00-04:00,256.62057620698306,260.0436152045651,252.2521709774324,258.342041015625,29043900,0.0,0.0
2022-05-25 00:00:00-04:00,256.86933843850494,263.27761004989844,255.86430037547603,261.2277526855469,28547900,0.0,0.0
2022-05-26 00:00:00-04:00,260.97898897260603,265.7951608710536,260.14312743988614,264.59112548828125,25002100,0.0,0.0
2022-05-27 00:00:00-04:00,267.15844036922607,271.994502845426,266.2429556313892,271.8949890136719,26910800,0.0,0.0
2022-05-31 00:00:00-04:00,271.1885237233544,273.4174880485142,267.6062379383752,270.5317687988281,37827700,0.0,0.0
2022-06-01 00:00:00-04:00,273.84535491180026,276.32308830283796,268.71075109087633,271.07904052734375,25292200,0.0,0.0
2022-06-02 00:00:00-04:00,263.1482829934077,273.29805627472814,260.31230576503935,273.2283935546875,44008200,0.0,0.0
2022-06-03 00:00:00-04:00,268.9794379558275,272.1039963626127,267.08879648857993,268.69085693359375,28059000,0.0,0.0
2022-06-06 00:00:00-04:00,270.72079779090575,272.83035735345857,265.9046260579901,267.4270935058594,22400300,0.0,0.0
2022-06-07 00:00:00-04:00,265.32752040882997,271.785564669871,264.63095390363986,271.1586608886719,22860700,0.0,0.0
2022-06-08 00:00:00-04:00,270.37253776302174,271.6561964248129,268.28286864012813,269.0789489746094,17372300,0.0,0.0
2022-06-09 00:00:00-04:00,266.46187505098874,271.36760026707935,263.3273867251889,263.4866027832031,26439700,0.0,0.0
2022-06-10 00:00:00-04:00,259.2973101711852,259.2973101711852,251.28694756013027,251.74468994140625,31422800,0.0,0.0
2022-06-13 00:00:00-04:00,243.9034668070753,247.79422379798592,240.34108724036804,241.06748962402344,46135800,0.0,0.0
2022-06-14 00:00:00-04:00,242.65962578998423,244.5303765494561,240.3211873406444,243.28652954101562,28651500,0.0,0.0
2022-06-15 00:00:00-04:00,247.08772193454504,254.04331997971963,245.20702583596884,250.52073669433594,33111700,0.0,0.0
2022-06-16 00:00:00-04:00,244.7691830631139,246.2020972322088,241.82376187880027,243.76416015625,33169200,0.0,0.0
2022-06-17 00:00:00-04:00,243.4954781866045,249.26693112565073,242.82877803717216,246.4309539794922,43084800,0.0,0.0
2022-06-21 00:00:00-04:00,249.02811631192665,253.49602023079416,248.2818081071255,252.49099731445312,29928300,0.0,0.0
2022-06-22 00:00:00-04:00,250.6500857871879,255.90410926890846,249.13756364572774,251.8839874267578,25939900,0.0,0.0
2022-06-23 00:00:00-04:00,254.31197119098272,258.09325365150863,252.38151835672875,257.58575439453125,25861400,0.0,0.0
2022-06-24 00:00:00-04:00,260.52127188406837,266.6609142228809,260.43171854145044,266.3822937011719,33923200,0.0,0.0
2022-06-27 00:00:00-04:00,266.8897551653595,266.97930850546845,261.9840298750074,263.58612060546875,24615100,0.0,0.0
2022-06-28 00:00:00-04:00,262.68059604562563,265.59616612840506,255.05829797784207,255.21751403808594,27295500,0.0,0.0
2022-06-29 00:00:00-04:00,256.3220115291075,260.6804558710109,254.50101786822557,258.9788818359375,20069800,0.0,0.0
2022-06-30 00:00:00-04:00,255.78466839460987,258.25247161529643,251.65510269508977,255.5657501220703,31730900,0.0,0.0
2022-07-01 00:00:00-04:00,255.1279762905138,258.4913132788848,253.35672408348742,258.30224609375,22837700,0.0,0.0
2022-07-05 00:00:00-04:00,254.89908079300633,261.68551729008726,253.4860724278544,261.55615234375,22941000,0.0,0.0
2022-07-06 00:00:00-04:00,262.45171479539147,266.6708340663959,261.1083539732041,264.89959716796875,23824400,0.0,0.0
2022-07-07 00:00:00-04:00,263.8149433835686,267.7355511843921,263.7154295595535,267.07879638671875,20859900,0.0,0.0
2022-07-08 00:00:00-04:00,263.4866004706693,266.78030482557557,261.99398410316405,266.34246826171875,19658800,0.0,0.0
2022-07-11 00:00:00-04:00,264.3423499316991,265.21802305053484,260.8894295551831,263.2079772949219,19455200,0.0,0.0
2022-07-12 00:00:00-04:00,264.5712295096949,264.6309317345829,250.79934438363634,252.42132568359375,35868500,0.0,0.0
2022-07-13 00:00:00-04:00,248.95846806130913,252.3019294165809,246.88870482388575,251.47601318359375,29497400,0.0,0.0
2022-07-14 00:00:00-04:00,249.33661336848868,253.88411032106976,244.72939900277933,252.82933044433594,25102800,0.0,0.0
2022-07-15 00:00:00-04:00,254.46125171976433,259.0883566069079,253.51593101185838,255.45632934570312,29774100,0.0,0.0
2022-07-18 00:00:00-04:00,258.47140079824624,259.55603171381716,252.05315345904867,252.99847412109375,20975000,0.0,0.0
2022-07-19 00:00:00-04:00,256.31208886830956,258.44156962513813,252.4312920894763,258.25250244140625,25012600,0.0,0.0
2022-07-20 00:00:00-04:00,258.6206747383861,263.5662118654889,257.6355575840531,260.97900390625,22788300,0.0,0.0
2022-07-21 00:00:00-04:00,258.5112167311757,263.5861185356778,255.76479285329867,263.5363464355469,22404700,0.0,0.0
2022-07-22 00:00:00-04:00,263.9343523084308,264.02390564135885,257.7947410013002,259.078369140625,21881300,0.0,0.0
2022-07-25 00:00:00-04:00,259.7152706158142,260.2128094484115,255.54589276925958,257.5559387207031,21056000,0.0,0.0
2022-07-26 00:00:00-04:00,258.5808431457244,258.60076413226255,248.34151679980096,250.6600341796875,39348000,0.0,0.0
2022-07-27 00:00:00-04:00,259.8744699214426,268.720694003313,257.5758430925195,267.4171447753906,45994000,0.0,0.0
2022-07-28 00:00:00-04:00,268.4221575985964,276.4723309887034,266.55140702606474,275.04937744140625,33459300,0.0,0.0
2022-07-29 00:00:00-04:00,276.33307903212045,280.61190083406456,275.2683386450446,279.35809326171875,32152800,0.0,0.0
2022-08-01 00:00:00-04:00,276.45244285228995,279.8954025556497,274.48217843787006,276.6415100097656,21539600,0.0,0.0
2022-08-02 00:00:00-04:00,274.641439010041,276.5221503969864,271.0392626760059,273.4672546386719,22754200,0.0,0.0
2022-08-03 00:00:00-04:00,275.3977048674028,282.10451862618066,275.2484189234477,281.07958984375,23518900,0.0,0.0
2022-08-04 00:00:00-04:00,280.4128540384497,282.4030092278421,278.7909030676758,282.2537536621094,18098700,0.0,0.0
2022-08-05 00:00:00-04:00,277.7758936913175,282.25374269343655,277.30820602529076,281.51739501953125,16774600,0.0,0.0
2022-08-08 00:00:00-04:00,282.6517749744476,284.5125955610673,277.94507744745783,278.9401550292969,18739200,0.0,0.0
2022-08-09 00:00:00-04:00,278.2635206408229,281.6865597206678,276.2434839165987,280.910400390625,23405200,0.0,0.0
2022-08-10 00:00:00-04:00,286.75151622569444,288.3834276467207,285.5275598844067,287.73663330078125,24687800,0.0,0.0
2022-08-11 00:00:00-04:00,289.41831123565464,289.7765245770073,285.0996783165472,285.6071472167969,20065900,0.0,0.0
2022-08-12 00:00:00-04:00,287.0600050380318,290.4731140136719,285.52757698815617,290.4731140136719,22619700,0.0,0.0
2022-08-15 00:00:00-04:00,289.5675782840297,292.7319177276274,288.6819446538395,292.0254211425781,18085700,0.0,0.0
2022-08-16 00:00:00-04:00,290.5527079296252,292.5926352947949,288.9904591272263,291.2691650390625,18102900,0.0,0.0
2022-08-17 00:00:00-04:00,288.92576583170774,292.5256368706083,288.65653553844305,290.5013427734375,18253400,0.62,0.0
2022-08-18 00:00:00-04:00,289.3744860615188,291.08965358996124,288.26758965244085,289.35455322265625,17186200,0.0,0.0
2022-08-19 00:00:00-04:00,288.08812766797695,288.4371501849878,284.7575173816175,285.3458557128906,20570000,0.0,0.0
2022-08-22 00:00:00-04:00,281.287270113742,281.666207086248,276.4409425562796,276.9694519042969,25061100,0.0,0.0
2022-08-23 00:00:00-04:00,275.66314697265625,278.0763292138014,274.62606107394527,275.66314697265625,17527400,0.0,0.0
2022-08-24 00:00:00-04:00,274.63604713684816,276.4509398808924,274.336871937031,275.0149841308594,18137000,0.0,0.0
2022-08-25 00:00:00-04:00,276.55062779322236,278.23588095289534,273.7485269510762,278.0663757324219,16583400,0.0,0.0
2022-08-26 00:00:00-04:00,278.2957150118611,279.5521838936085,267.2269326163783,267.33660888671875,27549300,0.0,0.0
2022-08-29 00:00:00-04:00,265.1029024371754,266.64853438460597,263.10852292729527,264.4846496582031,20338500,0.0,0.0
2022-08-30 00:00:00-04:00,265.9206017652353,266.29950830429345,259.9274816804267,262.2309875488281,22767100,0.0,0.0
2022-08-31 00:00:00-04:00,264.6441960920291,266.35933320686496,260.59557780564444,260.7351989746094,24791800,0.0,0.0
2022-09-01 00:00:00-04:00,258.1425137429407,260.1568565769592,254.69224562152854,259.668212890625,23263400,0.0,0.0
2022-09-02 00:00:00-04:00,260.96457319679956,263.9960081659574,253.75488025355793,255.3404083251953,22855400,0.0,0.0
2022-09-06 00:00:00-04:00,255.48002144187575,257.1054151418701,251.23198344652624,252.53829956054688,21328200,0.0,0.0
2022-09-07 00:00:00-04:00,253.98424271360486,258.10262630073066,252.50840604857825,257.3647155761719,24126700,0.0,0.0
2022-09-08 00:00:00-04:00,256.78634657803,259.6981236551687,254.07397397924618,257.7934875488281,20319900,0.0,0.0
2022-09-09 00:00:00-04:00,259.7679339243523,264.4846524708319,259.55853259449657,263.716796875,22084700,0.0,0.0
2022-09-12 00:00:00-04:00,265.03308457174444,266.69840480675657,264.41483180975206,265.900634765625,18747700,0.0,0.0
2022-09-13 00:00:00-04:00,258.1126012751376,259.66821491108385,250.88297530650667,251.2818603515625,33353300,0.0,0.0
2022-09-14 00:00:00-04:00,252.81751608906893,253.5155458708565,249.15783153263942,251.51119995117188,23913000,0.0,0.0
2022-09-15 00:00:00-04:00,249.06809215227153,250.69350112428185,243.3342509968968,244.6904296875,31530900,0.0,0.0
2022-09-16 00:00:00-04:00,243.57356878785257,244.61065467401227,241.37975432761874,244.05223083496094,39791800,0.0,0.0
2022-09-19 00:00:00-04:00,241.78859795160977,244.45109273674828,240.17315543871644,243.8328399658203,26826900,0.0,0.0
2022-09-20 00:00:00-04:00,241.3897397257092,242.8256802416888,238.96656062417063,241.76866149902344,26660300,0.0,0.0
2022-09-21 00:00:00-04:00,243.58354494260868,246.9640175927127,238.22862562840606,238.2784881591797,28625600,0.0,0.0
2022-09-22 00:00:00-04:00,237.20151944014657,243.1746914820149,236.90237468979407,240.3027801513672,31061200,0.0,0.0
2022-09-23 00:00:00-04:00,238.86683111013843,240.45237441051572,234.539031154733,237.2513885498047,34176000,0.0,0.0
2022-09-26 00:00:00-04:00,236.3838297772358,240.7714585258435,236.234242187408,236.78269958496094,27694200,0.0,0.0
2022-09-27 00:00:00-04:00,239.3055955349678,241.1204882108334,233.840999883434,235.74563598632812,27018700,0.0,0.0
2022-09-28 00:00:00-04:00,236.14450940574795,241.6490012526996,234.07035283710084,240.39254760742188,29029700,0.0,0.0
2022-09-29 00:00:00-04:00,238.21865844962338,239.27567714866154,233.75125263606446,236.8325653076172,27484200,0.0,0.0
2022-09-30 00:00:00-04:00,237.6203354661562,239.86401237187025,232.07596296924808,232.2454833984375,35694800,0.0,0.0
2022-10-03 00:00:00-04:00,234.74843821190314,240.9310115005364,234.00054591369974,240.06346130371094,28880400,0.0,0.0
2022-10-04 00:00:00-04:00,244.40123012682912,249.6564243257283,244.29153864661237,248.1805877685547,34888400,0.0,0.0
2022-10-05 00:00:00-04:00,245.29870902865895,249.87580627240095,243.41402103324117,248.4996795654297,20347100,0.0,0.0
2022-10-06 00:00:00-04:00,247.23324650786185,249.636477448373,245.38845460666704,246.09645080566406,20239900,0.0,0.0
2022-10-07 00:00:00-04:00,240.2230137545566,240.6418468553623,232.51474095660376,233.5817413330078,37769600,0.0,0.0
2022-10-10 00:00:00-04:00,232.39508290072817,233.9008340013529,226.09283614332807,228.6057586669922,29743600,0.0,0.0
2022-10-11 00:00:00-04:00,226.9803311695,228.41628687658542,223.4802005454106,224.77655029296875,30474000,0.0,0.0
2022-10-12 00:00:00-04:00,224.7665628294253,227.21965630141167,223.33062237547864,225.11558532714844,21903900,0.0,0.0
2022-10-13 00:00:00-04:00,219.2321808975975,235.43651494664252,218.51420303322863,233.5817413330078,42551800,0.0,0.0
2022-10-14 00:00:00-04:00,234.8780745082495,236.57330931002247,227.69831112253,227.91769409179688,30198600,0.0,0.0
2022-10-17 00:00:00-04:00,235.15730178599676,238.28847709405372,234.47920482170156,236.86248779296875,28142300,0.0,0.0
2022-10-18 00:00:00-04:00,242.556442629174,243.24449078200982,234.7085488734521,237.8297576904297,26329600,0.0,0.0
2022-10-19 00:00:00-04:00,236.3738535173781,238.93663849881446,233.63158168315587,235.8154296875,19985700,0.0,0.0
2022-10-20 00:00:00-04:00,235.10743687592137,240.63186151947062,234.2099569513052,235.48635864257812,21811000,0.0,0.0
2022-10-21 00:00:00-04:00,234.08032525435812,242.31710703638663,233.84099423881756,241.4395751953125,26299700,0.0,0.0
2022-10-24 00:00:00-04:00,243.07497793354688,247.1435141060181,240.62189956902853,246.55517578125,24911200,0.0,0.0
2022-10-25 00:00:00-04:00,246.56512744954154,250.3345034160636,245.13915343761474,249.95558166503906,34775500,0.0,0.0
2022-10-26 00:00:00-04:00,230.52034954378038,237.6303172335911,229.41346832771077,230.66993713378906,82543200,0.0,0.0
2022-10-27 00:00:00-04:00,230.39071507836036,233.03327706758068,225.14550242707125,226.11277770996094,40424600,0.0,0.0
2022-10-28 00:00:00-04:00,225.60421125473152,235.93509752394849,225.41474277042659,235.20713806152344,40647700,0.0,0.0
2022-10-31 00:00:00-04:00,233.10307007565976,234.2598138354599,230.50040422406337,231.4776611328125,28357300,0.0,0.0
2022-11-01 00:00:00-04:00,233.94073161881778,235.0775273746614,226.6911575603201,227.52879333496094,30592300,0.0,0.0
2022-11-02 00:00:00-04:00,228.81517274403552,230.64999828044301,219.42163166214243,219.48147583007812,38407000,0.0,0.0
2022-11-03 00:00:00-04:00,219.47148791706906,219.7905959399654,213.3786579500525,213.6479034423828,36633900,0.0,0.0
2022-11-04 00:00:00-04:00,216.93863254697632,220.9672724306729,212.83020044168666,220.76783752441406,36789100,0.0,0.0
2022-11-07 00:00:00-05:00,221.36616397722162,227.768120516855,220.6581525408613,227.22962951660156,33498000,0.0,0.0
2022-11-08 00:00:00-05:00,228.05730146137128,230.99900829264706,225.20533805919308,228.22682189941406,28192500,0.0,0.0
2022-11-09 00:00:00-05:00,226.7310375024422,227.987506375022,223.6995872382589,223.8790740966797,27852900,0.0,0.0
2022-11-10 00:00:00-05:00,234.7683791456448,242.64618742121752,234.33959485019315,242.2971649169922,46268000,0.0,0.0
2022-11-11 00:00:00-05:00,242.30714099159349,247.29308970375996,241.25010708325152,246.41555786132812,34620200,0.0,0.0
2022-11-14 00:00:00-05:00,241.30995122390436,243.22455370326696,238.5377649575026,240.87118530273438,31123300,0.0,0.0
2022-11-15 00:00:00-05:00,244.96964121064886,246.30587184332504,239.35545796715368,241.29000854492188,31390100,0.0,0.0
2022-11-16 00:00:00-05:00,242.7899932861328,243.8000030517578,240.4199981689453,241.72999572753906,24093300,0.68,0.0
2022-11-17 00:00:00-05:00,237.77999877929688,243.25,237.6300048828125,241.67999267578125,23123500,0.0,0.0
2022-11-18 00:00:00-05:00,243.50999450683594,243.74000549316406,239.02999877929688,241.22000122070312,27613500,0.0,0.0
2022-11-21 00:00:00-05:00,241.42999267578125,244.6699981689453,241.19000244140625,242.0500030517578,26394700,0.0,0.0
2022-11-22 00:00:00-05:00,243.58999633789062,245.30999755859375,240.7100067138672,245.02999877929688,19665700,0.0,0.0
2022-11-23 00:00:00-05:00,245.11000061035156,248.27999877929688,244.27000427246094,247.5800018310547,19508500,0.0,0.0
2022-11-25 00:00:00-05:00,247.30999755859375,248.6999969482422,246.72999572753906,247.49000549316406,9200800,0.0,0.0
2022-11-28 00:00:00-05:00,246.0800018310547,246.64999389648438,240.8000030517578,241.75999450683594,24778200,0.0,0.0
2022-11-29 00:00:00-05:00,241.39999389648438,242.7899932861328,238.2100067138672,240.3300018310547,17956300,0.0,0.0
2022-11-30 00:00:00-05:00,240.57000732421875,255.3300018310547,239.86000061035156,255.13999938964844,47594200,0.0,0.0
2022-12-01 00:00:00-05:00,253.8699951171875,256.1199951171875,250.9199981689453,254.69000244140625,26041500,0.0,0.0
2022-12-02 00:00:00-05:00,249.82000732421875,256.05999755859375,249.69000244140625,255.02000427246094,21528500,0.0,0.0
2022-12-05 00:00:00-05:00,252.00999450683594,253.82000732421875,248.05999755859375,250.1999969482422,23435300,0.0,0.0
2022-12-06 00:00:00-05:00,250.82000732421875,251.86000061035156,243.77999877929688,245.1199951171875,22463700,0.0,0.0
2022-12-07 00:00:00-05:00,244.8300018310547,246.16000366210938,242.2100067138672,244.3699951171875,20481500,0.0,0.0
2022-12-08 00:00:00-05:00,244.83999633789062,248.74000549316406,243.05999755859375,247.39999389648438,22611800,0.0,0.0
2022-12-09 00:00:00-05:00,244.6999969482422,248.30999755859375,244.16000366210938,245.4199981689453,20609700,0.0,0.0
2022-12-12 00:00:00-05:00,247.4499969482422,252.5399932861328,247.1699981689453,252.50999450683594,30665100,0.0,0.0
2022-12-13 00:00:00-05:00,261.69000244140625,263.9200134277344,253.07000732421875,256.9200134277344,42196900,0.0,0.0
2022-12-14 00:00:00-05:00,257.1300048828125,262.5899963378906,254.30999755859375,257.2200012207031,35410900,0.0,0.0
2022-12-15 00:00:00-05:00,253.72000122070312,254.1999969482422,247.33999633789062,249.00999450683594,35560400,0.0,0.0
2022-12-16 00:00:00-05:00,248.5500030517578,249.83999633789062,243.50999450683594,244.69000244140625,86102000,0.0,0.0
2022-12-19 00:00:00-05:00,244.86000061035156,245.2100067138672,238.7100067138672,240.4499969482422,29696400,0.0,0.0
2022-12-20 00:00:00-05:00,239.39999389648438,242.91000366210938,238.4199981689453,241.8000030517578,25150800,0.0,0.0
2022-12-21 00:00:00-05:00,241.69000244140625,245.6199951171875,240.11000061035156,244.42999267578125,23690600,0.0,0.0
2022-12-22 00:00:00-05:00,241.25999450683594,241.99000549316406,233.8699951171875,238.19000244140625,28651700,0.0,0.0
2022-12-23 00:00:00-05:00,236.11000061035156,238.8699951171875,233.94000244140625,238.72999572753906,21207000,0.0,0.0
2022-12-27 00:00:00-05:00,238.6999969482422,238.92999267578125,235.8300018310547,236.9600067138672,16688600,0.0,0.0
2022-12-28 00:00:00-05:00,236.88999938964844,239.72000122070312,234.1699981689453,234.52999877929688,17457100,0.0,0.0
2022-12-29 00:00:00-05:00,235.64999389648438,241.9199981689453,235.64999389648438,241.00999450683594,19770700,0.0,0.0
2022-12-30 00:00:00-05:00,238.2100067138672,239.9600067138672,236.66000366210938,239.82000732421875,21930800,0.0,0.0
2023-01-03 00:00:00-05:00,243.0800018310547,245.75,237.39999389648438,239.5800018310547,25740000,0.0,0.0
2023-01-04 00:00:00-05:00,232.27999877929688,232.8699951171875,225.9600067138672,229.10000610351562,50623400,0.0,0.0
2023-01-05 00:00:00-05:00,227.1999969482422,227.5500030517578,221.75999450683594,222.30999755859375,39585600,0.0,0.0
2023-01-06 00:00:00-05:00,223.0,225.75999450683594,219.35000610351562,224.92999267578125,43597700,0.0,0.0
